<?xml version="1.0" encoding="UTF-8"?>
<addon
  id="skin.genieplatnum"
  version="0.0.3"
  name="GenieTv Confluence Mod"
  provider-name="Jezz_X, Team Kodi,Patrick From iTvMedia, Ste From Simplicity Builds">
  <requires>
    <import addon="xbmc.gui" version="5.10.0"/>
  </requires>
  <extension
    point="xbmc.gui.skin"
    debugging="false"
    effectslowdown="1.0">
    <res width="1280" height="720" aspect="16:9" default="true" folder="720p" />
  </extension>
  <extension point="xbmc.addon.metadata">
    <summary lang="en_GB">GenieTv Confluence Mod Inspiered by Jezz_X.'s Confluence Skin</summary>
    <disclaimer lang="en_GB">GenieTv Confluence Mod is the default skin for The GenieTv App, removing it may cause issues</disclaimer>
    <platform>all</platform>
  </extension>
  <extension point="xbmc.service" library="service.py" start="login" />
</addon>
