<?xml version="1.0" encoding="UTF-8"?>
<window>
	<defaultcontrol always="true">50</defaultcontrol>
	<allowoverlay>true</allowoverlay>
	<views>50,602,501,507,51,52,53,55,56,57,601,58,506,59,500,499,502,503,609,504,505,591,592,700</views>
	<onload>SetProperty(Window.HasSettings,True,home)</onload>
	<onload>ClearProperty(MediaMenu,Home)</onload>
	<onunload>ClearProperty(Window.HasSettings,Home)</onunload>
	<onload condition="System.HasAddon(script.tv.show.next.aired) + !Skin.HasSetting(Disable.NextAired)">RunScript(script.tv.show.next.aired,backend=True)</onload>
	<include condition="Skin.HasSetting(Enable.TvTunes)">LoadTvTunes</include>
	<controls>
		<control type="label" id="4420">
			<label>$VAR[VideoInfoPanelVar]</label>
			<include>HiddenObject</include>
			<visible>Control.IsVisible(52) | Control.IsVisible(53)</visible>
			<include condition="!IsEmpty(Skin.String(InfoPanel.Delay))">InfoPanelDelayAnimation</include>
		</control>
		<control type="label" id="4444">
			<label>ShowCase Mod</label>
			<include>HiddenObject</include>
			<visible>[Control.IsVisible(52) | Control.IsVisible(53) + Skin.HasSetting(showcasemod)] + [!Container.Content(tvshows) + !Container.Content(seasons)]</visible>
			<include condition="!IsEmpty(Skin.String(Showcase.Delay))">ShowCaseDelayAnimation</include>
		</control>
		<include>CommonBackground</include>
		<control type="group">
			<visible>Control.IsVisible(52) | Control.IsVisible(53)</visible>
			<top>-30</top>
			<!--<animation type="VisibleChange" reversible="false">
				<effect type="zoom" start="200" end="100" center="960,540" easing="out" tween="cubic" time="300" />
				<effect type="fade" start="0" end="100" time="300" />
			</animation>-->
			<include>ShowCaseInfoPanel</include>
		</control>
		<control type="group">
			<animation effect="slide" tween="cubic" time="720" start="0,1080" end="0,0">WindowOpen</animation>
			<animation effect="slide" tween="cubic" time="720" end="0,1080" start="0,0">WindowClose</animation>
			<include condition="!Skin.HasSetting(Enable.SlimList)">VideoList</include>
			<include condition="Skin.HasSetting(Enable.SlimList)">SlimVideoList</include>
			<!-- view id = 50 -->
			<include>VideoInfoWall</include>
			<!-- view id = 51 -->
			<include>View_52_Landscape</include>
			<!-- view id = 52 -->
			<include>View_53_ShowCase</include>
			<!-- view id = 53 -->
			<include>VideoTriPanel</include>
			<!-- view id = 55 -->
			<include>Video_56_Posters</include>
			<!-- view id = 56 -->
			<include>PosterShift</include>
			<!-- view id = 57 -->
			<include>BannerWall</include>
			<!-- view id = 58 -->
			<include>View_59_Logo</include>
			<!-- view id = 59 -->
			<include>Wall_Large</include>
			<!-- view id = 499 -->
			<include>VideoWall</include>
			<!-- view id = 500 -->
			<include>VideoLowList</include>
			<!-- view id = 501 -->
			<include>VideoEpisode</include>
			<!-- view id = 502 -->
			<include>View_503_Wall</include>
			<!-- view id = 503 -->
			<include>View_504_Gallery</include>
			<!-- view id = 504 -->
			<include>View_505_Panel</include>
			<!-- view id = 505 -->
			<include>VideoBannerInfo</include>
			<!-- view id = 506 -->
			<include>View_507_BigList</include>
			<!-- view id = 507 -->
			<include>View_591_BigFan</include>
			<!-- view id = 591 -->
			<include>View_592_BigInfo</include>
			<!-- view id = 592 -->
			<include>PosterShiftCase</include>
			<!-- view id = 601 -->
			<include>VideoFanartList</include>
			<!-- view id = 602 -->
			<include>View_609_Fullscreen_Wall</include>
			<!-- view id = 609 -->
			<include>Video_RightList</include>
			<!-- view id = 700 -->
		</control>
		<control type="group">
			<visible>Control.IsVisible(52) | Control.IsVisible(53) | Control.IsVisible(500) | Control.IsVisible(55) | Control.IsVisible(56) | Control.IsVisible(57) | Control.IsVisible(58) | Control.IsVisible(59) | Control.IsVisible(499) | Control.IsVisible(601)</visible>
			<visible>!Window.IsActive(addoninformation)</visible>
			<animation effect="slide" tween="cubic" time="720" start="0,806" end="0,0">VisibleChange</animation>
			<include>Window_OpenClose_Animation</include>
			<top>-30</top>
			<control type="group">
				<visible>Control.IsVisible(52) | Control.IsVisible(53)</visible>
				<animation effect="slide" tween="cubic" time="720" start="0,806" end="0,0">VisibleChange</animation>
				<control type="grouplist">
					<left>300</left>
					<top>1000</top>
					<width>1320</width>
					<height>42</height>
					<align>center</align>
					<itemgap>18</itemgap>
					<orientation>horizontal</orientation>
					<control type="label">
						<width>auto</width>
						<height>42</height>
						<aligny>top</aligny>
						<align>center</align>
						<font>font16_title_bold</font>
						<textcolor>white</textcolor>
						<scroll>true</scroll>
						<label>$VAR[FloorLabelVar]</label>
						<textoffsety>-2</textoffsety>
						<textoffsetx>0</textoffsetx>
						<visible>[!Skin.HasSetting(showcasenogenrelabel) + Container.Content(genres)] | [[Container.Content(movies) | Container.Content(tvshows) | Container.Content(sets)] + !Skin.HasSetting(showcaselogo)] | [[Container.Content(sets) | Container.Content(movies) | Container.Content(tvshows)] + Skin.HasSetting(showcaselogo) + IsEmpty(ListItem.Art(clearlogo))] | Container.Content(episodes) | Container.Content(seasons)</visible>
					</control>
					<control type="image">
						<width>42</width>
						<height>46.5</height>
						<aspectratio>keep</aspectratio>
						<texture>$VAR[UnFocusHDIndicator]</texture>
						<visible>[!IsEmpty(ListItem.VideoResolution) + [Skin.HasSetting(noindicatorlandscape) + Control.IsVisible(52)] | [Skin.HasSetting(noindicatorshowcase) + Control.IsVisible(53)]]</visible>
						<visible>!Skin.HasSetting(showcaselogo) + ![SubString(ListItem.Path,videodb://movies/sets) + !Stringcompare(ListItem.Label,..)]</visible>
					</control>
				</control>
				<control type="group">
					<left>300</left>
					<top>1010</top>
					<visible>!Skin.HasSetting(showcaselogo) | Container.Content(episodes) | Container.Content(seasons)</visible>
					<control type="label">
						<left>0</left>
						<top>35</top>
						<width>1320</width>
						<height>30</height>
						<align>center</align>
						<font>font13_title</font>
						<textcolor>white</textcolor>
						<label>$VAR[FloorSubLabelVar]</label>
						<textoffsetx>30</textoffsetx>
						<visible>![SubString(ListItem.Path,videodb://movies/sets) + !Stringcompare(ListItem.Label,..)] + !Container.Content(seasons)</visible>
					</control>
					<control type="label">
						<left>0</left>
						<top>35</top>
						<width>1320</width>
						<height>30</height>
						<align>center</align>
						<font>font13_title</font>
						<textcolor>white</textcolor>
						<label>$INFO[ListItem.Property(TotalEpisodes),$LOCALIZE[20360]: ]$INFO[ListItem.Property(UnWatchedEpisodes), (,[LOWERCASE] $LOCALIZE[16101][/LOWERCASE])]</label>
						<textoffsetx>30</textoffsetx>
						<visible>Container.Content(seasons)</visible>
					</control>
					<!-- Next Episode -->
					<control type="label">
						<top>70</top>
						<left>0</left>
						<width>1320</width>
						<height>30</height>
						<align>center</align>
						<font>font13_title</font>
						<textcolor>white</textcolor>
						<label>$LOCALIZE[31010]: $INFO[Window(Home).Property(NextAired.NextNumber)] - $INFO[Window(Home).Property(NextAired.NextTitle)]   ($INFO[Window(Home).Property(NextAired.NextDay)])</label>
						<visible>!IsEmpty(Window(Home).Property(NextAired.NextDate))</visible>
					</control>
					<!-- Next Aired Status -->
					<control type="label">
						<top>70</top>
						<left>0</left>
						<width>1320</width>
						<height>30</height>
						<align>center</align>
						<font>font13_title</font>
						<textcolor>white</textcolor>
						<label>$INFO[Window(Home).Property(NextAired.Status)]</label>
						<visible>[IsEmpty(Window(Home).Property(NextAired.NextDate)) + !IsEmpty(Window(Home).Property(NextAired.Status))]</visible>
					</control>
				</control>
				<control type="group">
					<left>0</left>
					<top>1010</top>
					<width>1920</width>
					<align>center</align>
					<visible>[Container.Content(movies) | Container.Content(tvshows) | Container.Content(seasons) | Container.Content(episodes)]</visible>
					<control type="group">
						<left>95</left>
						<control type="image" id="900011">
							<colordiffuse>white</colordiffuse>
							<include>MediaFlagVars</include>
							<bordersize>2</bordersize>
							<texture>$VAR[PathFlagsStudios]</texture>
						</control>
						<control type="label">
							<left>-10</left>
							<width>155</width>
							<height>90</height>
							<align>center</align>
							<label>$INFO[ListItem.Studio]</label>
							<font>font10</font>
							<textcolor>white</textcolor>
							<wrapmultiline>true</wrapmultiline>
							<visible>IsEmpty(Control.GetLabel(900011))</visible>
						</control>
						<control type="image">
							<left>1600</left>
							<colordiffuse>white</colordiffuse>
							<include>MediaFlagVars</include>
							<texture fallback="flags/mpaa/NR.png">$VAR[RatingFlagVar]</texture>
							<!--<animation effect="slide" start="0" end="-1350" time="200" tween="cubic" easing="inout" condition="Container.Content(movies) | Container.Content(episodes)">Conditional</animation>-->
							<visible>!IsEmpty(ListItem.Title) + ![SubString(ListItem.Path,videodb://movies/sets) + !Stringcompare(ListItem.Label,..)] + !Skin.HasSetting(coloredflags)</visible>
						</control>
						<control type="image">
							<left>1605</left>
							<colordiffuse>white</colordiffuse>
							<aspectratio scalediffuse="false">center</aspectratio>
							<include>MediaFlagVars</include>
							<texture fallback="flags/mpaa/NR.png">$VAR[ColoredRatingFlagVar]</texture>
							<visible>!IsEmpty(ListItem.Title) + ![SubString(ListItem.Path,videodb://movies/sets) + !Stringcompare(ListItem.Label,..)] + Skin.HasSetting(coloredflags)</visible>
						</control>
					</control>
				</control>
				<control type="group">
					<left>0</left>
					<top>1010</top>
					<width>1920</width>
					<align>center</align>
					<visible>Container.Content(musicvideos)</visible>
					<control type="image">
						<left>120</left>
						<colordiffuse>white</colordiffuse>
						<include>MediaFlagVars</include>
						<texture>$INFO[ListItem.AudioCodec,flags/audio/,.png]</texture>
					</control>
					<control type="image">
						<left>1675</left>
						<colordiffuse>white</colordiffuse>
						<include>MediaFlagVars</include>
						<texture>$VAR[SourceFlagVar,flags/video/,.png]</texture>
						<visible>!IsEmpty(ListItem.VideoCodec)</visible>
					</control>
				</control>
			</control>
			<control type="group">
				<visible>Control.IsVisible(500) | Control.IsVisible(55) | Control.IsVisible(56) | Control.IsVisible(57) | Control.IsVisible(601)</visible>
				<animation effect="slide" start="0" end="40" time="720" tween="cubic" easing="inout" condition="Control.IsVisible(57) | Control.IsVisible(601)">Conditional</animation>
				<animation effect="slide" start="0" end="60" time="720" tween="cubic" easing="inout" condition="Control.IsVisible(55)">Conditional</animation>
				<animation effect="slide" start="0,0" end="80,15" time="720" tween="cubic" easing="inout" condition="Control.IsVisible(56)">Conditional</animation>
				<animation effect="slide" tween="cubic" time="720" start="0,806" end="0,0">VisibleChange</animation>
				<visible>[Container.Content(movies) | Container.Content(tvshows) | Container.Content(episodes)]</visible>
				<control type="group">
					<left>90</left>
					<top>1010</top>
					<visible>![Control.IsVisible(56) | Control.IsVisible(55)]</visible>
					<include>VisibleFadeEffect</include>
					<!--<control type="grouplist">
						<left>30</left>
						<top>0</top>
						<width>1150</width>
						<height>42</height>
						<align>left</align>
						<itemgap>18</itemgap>
						<orientation>horizontal</orientation>
						<control type="label">
							<width>auto</width>
							<height>42</height>
							<aligny>top</aligny>
							<align>center</align>
							<font>font16_title</font>
							<textcolor>white</textcolor>
							<scroll>true</scroll>
							<label>[B]$VAR[FloorLabelVar][/B]</label>
							<textoffsety>-2</textoffsety>
							<textoffsetx>0</textoffsetx>
						</control>
						<control type="image">
							<width>42</width>
							<height>46.5</height>
							<aspectratio>keep</aspectratio>
							<texture>$VAR[UnFocusHDIndicator]</texture>
							<visible>!IsEmpty(ListItem.VideoResolution)</visible>
						</control>
					</control>-->
					<control type="label">
						<left>0</left>
						<top>-10</top>
						<width>1150</width>
						<height>42</height>
						<aligny>top</aligny>
						<align>left</align>
						<font>font16_title_bold</font>
						<textcolor>white</textcolor>
						<scroll>true</scroll>
						<label>$INFO[ListItem.Label]</label>
						<textoffsety>-2</textoffsety>
						<textoffsetx>30</textoffsetx>
						<visible>!Skin.HasSetting(coloredflags)</visible>
					</control>
					<control type="label">
						<left>0</left>
						<top>-10</top>
						<width>1000</width>
						<height>42</height>
						<aligny>top</aligny>
						<align>left</align>
						<font>font16_title_bold</font>
						<textcolor>white</textcolor>
						<scroll>true</scroll>
						<label>$INFO[ListItem.Label]</label>
						<textoffsety>-2</textoffsety>
						<textoffsetx>30</textoffsetx>
						<visible>Skin.HasSetting(coloredflags)</visible>
					</control>
					<control type="label">
						<left>0</left>
						<top>35</top>
						<width>1100</width>
						<height>30</height>
						<align>left</align>
						<font>font13_title</font>
						<textcolor>white</textcolor>
						<label>$VAR[FloorSubLabelVar]</label>
						<textoffsetx>30</textoffsetx>
						<visible>![SubString(ListItem.Path,videodb://movies/sets) + !Stringcompare(ListItem.Label,..)]</visible>
					</control>
					<!-- Next Episode -->
					<control type="label">
						<left>31</left>
						<top>70</top>
						<width>1220</width>
						<height>30</height>
						<align>left</align>
						<font>font13_title</font>
						<textcolor>white</textcolor>
						<label>$LOCALIZE[31010]: $INFO[Window(Home).Property(NextAired.NextNumber)] - $INFO[Window(Home).Property(NextAired.NextTitle)]   ($INFO[Window(Home).Property(NextAired.NextDay)])</label>
						<visible>!IsEmpty(Window(Home).Property(NextAired.NextDate))</visible>
					</control>
					<!-- Next Aired Status -->
					<control type="label">
						<left>31</left>
						<top>70</top>
						<width>1220</width>
						<height>30</height>
						<align>left</align>
						<font>font13_title</font>
						<textcolor>white</textcolor>
						<label>$INFO[Window(Home).Property(NextAired.Status)]</label>
						<visible>IsEmpty(Window(Home).Property(NextAired.NextDate)) + !IsEmpty(Window(Home).Property(NextAired.Status))</visible>
					</control>
				</control>
				<control type="group">
					<left>1444</left>
					<top>1000</top>
					<width>1840</width>
					<height>90</height>
					<include>VisibleFadeEffect</include>
					<visible>Container.Content(tvshows) | Container.Content(seasons)</visible>
					<control type="group">
						<control type="image">
							<left>32</left>
							<width>198</width>
							<include>MediaFlagVars</include>
							<bordersize>2</bordersize>
							<texture>$VAR[PathFlagsStudios]</texture>
						</control>
						<control type="image">
							<left>230</left>
							<include>MediaFlagVars</include>
							<texture fallback="flags/mpaa/NR.png">$VAR[RatingFlagVar]</texture>
							<visible>!IsEmpty(ListItem.Title) + !Skin.HasSetting(coloredflags)</visible>
						</control>
						<control type="image">
							<left>230</left>
							<include>MediaFlagVars</include>
							<aspectratio scalediffuse="false">center</aspectratio>
							<texture fallback="flags/mpaa/NR.png">$VAR[ColoredRatingFlagVar]</texture>
							<visible>!IsEmpty(ListItem.Title) + Skin.HasSetting(coloredflags)</visible>
						</control>
					</control>
				</control>
				<control type="grouplist">
					<left>800</left>
					<top>1000</top>
					<width>1000</width>
					<height>90</height>
					<align>right</align>
					<orientation>horizontal</orientation>
					<include>VisibleFadeEffect</include>
					<visible>![Container.Content(tvshows) | Container.Content(seasons) | Control.IsVisible(55)]</visible>
					<control type="image">
						<width>168</width>
						<include>MediaFlagVars</include>
						<texture>$VAR[PathFlagsResolution]</texture>
						<visible>!IsEmpty(ListItem.VideoResolution)</visible>
					</control>
					<control type="image">
						<width>168</width>
						<include>MediaFlagVars</include>
						<texture>$VAR[PathFlagsAudio]</texture>
						<visible>!IsEmpty(ListItem.AudioCodec)</visible>
					</control>
					<control type="image">
						<width>168</width>
						<colordiffuse>grey2</colordiffuse>
						<include>MediaFlagVars</include>                    
						<texture>$INFO[ListItem.AudioChannels,flags/colored/channels/,.png]</texture>
						<visible>!IsEmpty(ListItem.AudioChannels) + Skin.HasSetting(coloredflags)</visible>
					</control>
					<control type="image">
						<width>168</width>
						<include>MediaFlagVars</include>
						<texture>$VAR[SourceFlagVar,flags/video/,.png]</texture>
						<visible>!IsEmpty(ListItem.VideoCodec) + !Skin.HasSetting(coloredflags)</visible>
					</control>
					<control type="image">
						<width>168</width>
						<include>MediaFlagVars</include>
						<texture>$VAR[SourceFlagVar,flags/colored/source/,.png]</texture>
						<visible>!IsEmpty(ListItem.VideoCodec) + Skin.HasSetting(coloredflags)</visible>
					</control>
				</control>
				<control type="grouplist">
					<left>825</left>
					<top>1000</top>
					<width>1000</width>
					<height>90</height>
					<orientation>horizontal</orientation>
					<align>right</align>
					<include>VisibleFadeEffect</include>
					<visible>![Container.Content(tvshows) | Container.Content(seasons)] + Control.IsVisible(55)</visible>
					<control type="image">
						<width>168</width>
						<include>MediaFlagVars</include>
						<texture>$VAR[PathFlagsResolution]</texture>
						<visible>!IsEmpty(ListItem.VideoResolution)</visible>
					</control>
					<control type="image">
						<width>168</width>
						<include>MediaFlagVars</include>
						<texture>$VAR[PathFlagsAudio]</texture>
						<visible>!IsEmpty(ListItem.AudioCodec)</visible>
					</control>
					<control type="image">
						<width>168</width>
						<include>MediaFlagVars</include>                    
						<texture>$INFO[ListItem.AudioChannels,flags/colored/channels/,.png]</texture>
						<visible>!IsEmpty(ListItem.AudioChannels) + Skin.HasSetting(coloredflags)</visible>
					</control>
					<control type="image">
						<width>168</width>
						<include>MediaFlagVars</include>
						<texture>$VAR[SourceFlagVar,flags/video/,.png]</texture>
						<visible>!IsEmpty(ListItem.VideoCodec) + !Skin.HasSetting(coloredflags)</visible>
					</control>
					<control type="image">
						<width>168</width>
						<include>MediaFlagVars</include>
						<texture>$VAR[SourceFlagVar,flags/colored/source/,.png]</texture>
						<visible>!IsEmpty(ListItem.VideoCodec) + Skin.HasSetting(coloredflags)</visible>
					</control>
				</control>
			</control>
			<control type="group">
				<visible>Control.IsVisible(499)</visible>
				<animation effect="slide" tween="cubic" time="720" start="0,806" end="0,0">VisibleChange</animation>
				<visible>[Container.Content(movies) | Container.Content(tvshows) | Container.Content(seasons) | Container.Content(episodes)]</visible>
				<control type="group">
					<left>90</left>
					<top>990</top>
					<include>VisibleFadeEffect</include>
					<control type="label">
						<left>10</left>
						<top>0</top>
						<width>1100</width>
						<height>42</height>
						<aligny>top</aligny>
						<align>left</align>
						<font>font16_title_bold</font>
						<textcolor>white</textcolor>
						<scroll>true</scroll>
						<label>$INFO[ListItem.Label]</label>
						<textoffsety>-2</textoffsety>
						<textoffsetx>30</textoffsetx>
					</control>
					<control type="label">
						<left>10</left>
						<top>51</top>
						<width>1100</width>
						<height>30</height>
						<align>left</align>
						<font>font14_title</font>
						<textcolor>grey</textcolor>
						<label>$VAR[FloorSubLabelVar]</label>
						<textoffsetx>30</textoffsetx>
						<visible>![SubString(ListItem.Path,videodb://movies/sets) + !Stringcompare(ListItem.Label,..)]</visible>
					</control>
					<!-- TV Show Next Aired -->
					<!-- Next Episode -->
					<control type="label">
						<top>90</top>
						<left>10</left>
						<width>1200</width>
						<height>30</height>
						<align>left</align>
						<font>font13_title</font>
						<textcolor>white</textcolor>
						<textoffsetx>30</textoffsetx>
						<label>$LOCALIZE[31010]: $INFO[Window(Home).Property(NextAired.NextNumber)] - $INFO[Window(Home).Property(NextAired.NextTitle)]   ($INFO[Window(Home).Property(NextAired.NextDay)])</label>
						<visible>!IsEmpty(Window(Home).Property(NextAired.NextDate))</visible>
					</control>
					<!-- Show Status -->
					<control type="label">
						<top>90</top>
						<left>10</left>
						<width>1100</width>
						<height>30</height>
						<align>left</align>
						<font>font13_title</font>
						<textcolor>white</textcolor>
						<textoffsetx>30</textoffsetx>
						<label>$INFO[Window(Home).Property(NextAired.Status)]</label>
						<visible>[IsEmpty(Window(Home).Property(NextAired.NextDate)) + !IsEmpty(Window(Home).Property(NextAired.Status))]</visible>
					</control>
				</control>
				<control type="group">
					<left>1454</left>
					<top>1000</top>
					<width>1840</width>
					<height>90</height>
					<orientation>horizontal</orientation>
					<include>VisibleFadeEffect</include>
					<visible>Container.Content(tvshows) | Container.Content(seasons)</visible>
					<control type="group">
						<control type="image" id="900051">
							<left>32</left>
							<width>198</width>
							<colordiffuse>white</colordiffuse>
							<include>MediaFlagVars</include>
							<bordersize>2</bordersize>
							<texture>$VAR[PathFlagsStudios]</texture>
						</control>
						<control type="label">
							<left>32</left>
							<width>198</width>
							<height>90</height>
							<align>center</align>
							<label>$INFO[ListItem.Studio]</label>
							<font>font10</font>
							<textcolor>white</textcolor>
							<wrapmultiline>true</wrapmultiline>
							<visible>IsEmpty(Control.GetLabel(900051))</visible>
						</control>
					</control>
				</control>
				<control type="grouplist">
					<left>1020</left>
					<top>1000</top>
					<width>800</width>
					<height>90</height>
					<align>right</align>
					<orientation>horizontal</orientation>
					<include>VisibleFadeEffect</include>
					<control type="image">
						<width>168</width>
						<include>MediaFlagVars</include>
						<texture>$VAR[PathFlagsResolution]</texture>
						<visible>!IsEmpty(ListItem.VideoResolution)</visible>
					</control>
					<control type="image">
						<width>168</width>
						<include>MediaFlagVars</include>
						<texture>$VAR[PathFlagsAudio]</texture>
						<visible>!IsEmpty(ListItem.AudioCodec)</visible>
					</control>
					<control type="image">
						<width>168</width>
						<colordiffuse>grey2</colordiffuse>
						<include>MediaFlagVars</include>                    
						<texture>$INFO[ListItem.AudioChannels,flags/colored/channels/,.png]</texture>
						<visible>!IsEmpty(ListItem.AudioChannels) + Skin.HasSetting(coloredflags)</visible>
					</control>
					<control type="image">
						<width>168</width>
						<include>MediaFlagVars</include>
						<texture>$VAR[SourceFlagVar,flags/video/,.png]</texture>
						<visible>!IsEmpty(ListItem.VideoCodec) + !Skin.HasSetting(coloredflags)</visible>
					</control>
					<control type="image">
						<width>168</width>
						<include>MediaFlagVars</include>
						<texture>$VAR[SourceFlagVar,flags/colored/source/,.png]</texture>
						<visible>!IsEmpty(ListItem.VideoCodec) + Skin.HasSetting(coloredflags)</visible>
					</control>
					<control type="image">
						<left>230</left>
						<include>MediaFlagVars</include>
						<texture fallback="flags/mpaa/NR.png">$VAR[RatingFlagVar]</texture>
						<visible>!IsEmpty(ListItem.Title) + !Skin.HasSetting(coloredflags) + [Container.Content(tvshows) | Container.Content(seasons)]</visible>
					</control>
					<control type="image">
						<left>230</left>
						<include>MediaFlagVars</include>
						<texture fallback="flags/mpaa/NR.png">$VAR[ColoredRatingFlagVar]</texture>
						<visible>!IsEmpty(ListItem.Title) + Skin.HasSetting(coloredflags) + [Container.Content(tvshows) | Container.Content(seasons)]</visible>
					</control>
				</control>
			</control>
			<control type="image">
				<left>0</left>
				<top>970</top>
				<width>1920</width>
				<height>140</height>
				<texture border="1">gradient_floor.png</texture>
				<animation effect="slide" start="0,0" end="0,15" time="720" tween="cubic" easing="inout" condition="Control.IsVisible(56)">Conditional</animation>
			</control>
			<control type="image">
				<left>805</left>
				<top>1000</top>
				<width>315</width>
				<height>105</height>
				<aspectratio aligny="bottom">keep</aspectratio>
				<texture background="true">$INFO[ListItem.Art(clearlogo)]</texture>
				<visible>Skin.HasSetting(showcaselogo) + [Control.IsVisible(53) | Control.IsVisible(52)]</visible>
				<include>VisibleFadeEffect</include>
			</control>
		</control>
		<control type="group">
			<visible>Control.IsVisible(59)</visible>
			<include>Window_OpenClose_Animation</include>
			<include>ViewAnimation</include>
			<include>VisibleFadeEffect</include>
			<!-- IMDb Logo + Oscars Statue -->
			<control type="grouplist">
				<left>1700</left>
				<top>55</top>
				<itemgap>0</itemgap>
				<orientation>vertical</orientation>
				<visible>Skin.HasSetting(imdblogo)</visible>
				<control type="image">
					<visible>!IsEmpty(ListItem.Top250)</visible>
					<width>125</width>
					<height>65</height>
					<align>center</align>
					<aspectratio>scale</aspectratio>
					<texture background="true">IMDb.png</texture>
				</control>
				<control type="Label">
					<visible>!IsEmpty(ListItem.Top250)</visible>
					<width>125</width>
					<height>100</height>
					<align>center</align>
					<label>$INFO[ListItem.Top250,#]</label>
					<font>font16_title_bold</font>
					<shadowcolor>shadow</shadowcolor>
					<textcolor>fffeec900</textcolor>
				</control>
				<control type="image">
					<width>125</width>
					<height>175</height>
					<align>center</align>
					<aspectratio>keep</aspectratio>
					<texture background="true">oscars.png</texture>
					<visible>SubString(ListItem.FileName,.oscars) | StringCompare(Container.FolderPath,special://profile/playlists/video/BestPicture.xsp)</visible> 
				</control>
			</control>
			<!-- Media Flags -->
			<control type="group">
				<visible>[Container.Content(tvshows) + Skin.HasSetting(nomediaflagstvshows)] | [Container.Content(movies) + Skin.HasSetting(nomediaflagsmovies)]</visible>
				<visible>!Control.HasFocus(62)</visible>
				<visible>![SubString(ListItem.Path,videodb://movies/sets) + !Stringcompare(ListItem.Label,..)]</visible>
				<control type="group">
					<left>10</left>
					<top>968</top>
					<width>1920</width>
					<control type="image">
						<width>195</width>
						<colordiffuse>grey</colordiffuse>
						<bordersize>2</bordersize>
						<texture fallback="flags/studios/default-studio.png">$VAR[PathFlagsStudios]</texture>
						<visible>!IsEmpty(ListItem.Title) + !IsEmpty(ListItem.Studio)</visible>
						<include>MediaFlagVars</include>
					</control>
					<control type="image">
						<left>175</left>
						<width>195</width>
						<aspectratio>keep</aspectratio>
						<colordiffuse>grey</colordiffuse>
						<texture fallback="flags/mpaa/NR.png">$VAR[RatingFlagVar]</texture>
						<visible>!IsEmpty(ListItem.MPAA) + !Container.Content(tvshows)</visible>
						<include>MediaFlagVars</include>
						<visible>!Skin.HasSetting(coloredflags)</visible>
					</control>
					<control type="image">
						<left>229</left>
						<top>12</top>
						<width>120</width>
						<height>68</height>
						<colordiffuse>grey</colordiffuse>
						<aspectratio>keep</aspectratio>
						<texture fallback="flags/colored/rating/NR.png">$VAR[ColoredRatingFlagVar]</texture>
						<visible>!IsEmpty(ListItem.MPAA) + !Container.Content(tvshows)</visible>
						<include>MediaFlagVars</include>
						<visible>Skin.HasSetting(coloredflags)</visible>
					</control>
					<control type="image">
						<left>1510</left>
						<width>195</width>
						<colordiffuse>grey</colordiffuse>
						<bordersize>2</bordersize>
						<texture>$VAR[PathFlagsResolution]</texture>
						<visible>!IsEmpty(ListItem.VideoResolution)</visible>
						<include>MediaFlagVars</include>
					</control>
					<control type="image">
						<left>1690</left>
						<width>195</width>
						<colordiffuse>grey</colordiffuse>
						<bordersize>2</bordersize>
						<texture>$VAR[SourceFlagVar,flags/video/,.png]</texture>
						<visible>!Skin.HasSetting(coloredflags) + !IsEmpty(ListItem.VideoCodec)</visible>
						<include>MediaFlagVars</include>
					</control>
					<control type="image">
						<left>1690</left>
						<width>195</width>
						<colordiffuse>grey</colordiffuse>
						<bordersize>2</bordersize>
						<texture>$VAR[SourceFlagVar,flags/colored/source/,.png]</texture>
						<visible>Skin.HasSetting(coloredflags) + !IsEmpty(ListItem.VideoCodec)</visible>
						<include>MediaFlagVars</include>
					</control>
					<control type="image">
						<left>1690</left>
						<width>195</width>
						<aspectratio>keep</aspectratio>
						<colordiffuse>grey</colordiffuse>
						<texture fallback="flags/mpaa/NR.png">$VAR[RatingFlagVar]</texture>
						<include>MediaFlagVars</include>
						<visible>!Skin.HasSetting(coloredflags) + Container.Content(tvshows) + !IsEmpty(ListItem.MPAA)</visible>
					</control>
					<control type="image">
						<left>1690</left>
						<width>195</width>
						<colordiffuse>grey</colordiffuse>
						<aspectratio>keep</aspectratio>
						<align>center</align>
						<aligny>center</aligny>
						<texture fallback="flags/colored/rating/NR.png">$VAR[ColoredRatingFlagVar]</texture>
						<include>MediaFlagVars</include>
						<visible>Skin.HasSetting(coloredflags) + Container.Content(tvshows)  + !IsEmpty(ListItem.MPAA)</visible>
					</control>
				</control>
			</control>
			<!-- Extended Info Movies + TV -->
			<control type="group">
				<visible>[Container.Content(tvshows) + Skin.HasSetting(noextendedinfotvshows)] | [Container.Content(movies) + Skin.HasSetting(noextendedinfomovies)]</visible>
				<visible>!Control.HasFocus(62)</visible>
				<!-- TV Show Next Aired -->
				<!-- Next Episode -->
				<control type="label">
					<top>910</top>
					<left>350</left>
					<width>1220</width>
					<height>100</height>
					<align>center</align>
					<font>font13</font>
					<textcolor>grey2</textcolor>
					<label>$LOCALIZE[31010]: $INFO[Window(Home).Property(NextAired.NextNumber)] - $INFO[Window(Home).Property(NextAired.NextTitle)]   ($INFO[Window(Home).Property(NextAired.NextDay)])</label>
					<visible>!IsEmpty(Window(Home).Property(NextAired.NextDate))</visible>
				</control>
				<!-- Show Status -->
				<control type="label">
					<top>910</top>
					<left>350</left>
					<width>1220</width>
					<height>100</height>
					<align>center</align>
					<font>font13</font>
					<textcolor>grey2</textcolor>
					<label>$INFO[Window(Home).Property(NextAired.Status)]</label>
					<visible>IsEmpty(Window(Home).Property(NextAired.NextDate)) + !IsEmpty(Window(Home).Property(NextAired.Status))</visible>
				</control>
				<!-- Top250 Label -->
				<control type="label">
					<left>827</left>
					<top>910</top>
					<width>250</width>
					<height>100</height>
					<align>center</align>
					<label>Top 250 # $INFO[ListItem.Top250]</label>
					<font>font13</font>
					<textcolor>grey2</textcolor>
					<visible>!IsEmpty(ListItem.Top250) + !Skin.HasSetting(imdblogo)</visible>
				</control>
				<!-- Movie Set Title List -->
				<control type="textbox">
					<label>[B]$INFO[Window(home).Property(Set.Movies.Title)][/B]</label>
					<align>center</align>
					<left>160</left>
					<top>940</top>
					<width>1600</width>
					<height>130</height>
					<font>font14_textbox2</font>
					<textcolor>grey2</textcolor>
					<autoscroll time="2500" delay="2500" repeat="3000">true</autoscroll>
					<visible>[SubString(ListItem.Path,videodb://movies/sets) + !Stringcompare(ListItem.Label,..)]</visible>
				</control>
				<!-- Tagline -->
				<control type="label">
					<top>928</top>					
					<left>435</left>
					<width>1050</width>
					<label>$INFO[ListItem.Tagline]</label>
					<align>center</align>
					<font>font16_bold</font>
					<scroll>true</scroll>
					<textcolor>grey2</textcolor>
					<scrollspeed>40</scrollspeed>
					<visible>!IsEmpty(ListItem.Tagline)</visible>
				</control>
				<!-- Year • Rating • Duration -->
				<control type="label">
					<top>995</top>					
					<left>450</left>
					<width>1020</width>
					<height>100</height>
					<align>center</align>
					<label>[B]$INFO[ListItem.Year,, • ]$INFO[ListItem.RatingAndVotes,, • ]$INFO[ListItem.Duration,, [/B]$LOCALIZE[12391]]</label>
					<font>font14</font>
					<textcolor>grey2</textcolor>
					<visible>![SubString(ListItem.Path,videodb://movies/sets) + !Stringcompare(ListItem.Label,..)] + [Container.Content(movies) + !IsEmpty(ListItem.Title) + !IsEmpty(ListItem.Tagline)]</visible>
				</control>
				<!-- Year • Rating • Duration (No Tagline) -->
				<control type="label">
					<top>955</top>					
					<left>450</left>
					<width>1020</width>
					<height>100</height>
					<align>center</align>
					<label>[B]$INFO[ListItem.Year,, • ]$INFO[ListItem.RatingAndVotes,, • ]$INFO[ListItem.Duration,, [/B]$LOCALIZE[12391]]</label>
					<font>font14</font>
					<textcolor>grey2</textcolor>
					<visible>![SubString(ListItem.Path,videodb://movies/sets) + !Stringcompare(ListItem.Label,..)] + [Container.Content(movies) + !IsEmpty(ListItem.Title) + IsEmpty(ListItem.Tagline)]</visible>
				</control>
				<!-- TV Total Episodes + Unwatched Episodes -->
				<control type="label">
					<left>400</left>
					<top>950</top>
					<width>1120</width>
					<height>100</height>
					<align>center</align>
					<label>[B]$LOCALIZE[20360]:[/B] $INFO[ListItem.Property(TotalEpisodes)] $INFO[ListItem.Property(UnWatchedEpisodes), [B]($LOCALIZE[16101]:[/B] ,)]</label>
					<font>font16</font>
					<textcolor>grey2</textcolor>
					<visible>Container.Content(tvshows) + !IsEmpty(ListItem.Title)</visible>
				</control>
				<!-- TV Rating and Votes -->
				<control type="label">
					<left>460</left>
					<top>995</top>
					<width>1000</width>
					<height>100</height>
					<align>center</align>
					<label>[B]$INFO[ListItem.RatingAndVotes][/B]</label>
					<font>font13</font>
					<textcolor>grey2</textcolor>
					<visible>Container.Content(tvshows) + !IsEmpty(ListItem.RatingAndVotes)</visible>
				</control>
			</control>
		</control>
		<!--<include>UpDownShadow</include>-->
		<include>ScrollOffsetLabel</include>
		<include>Topbar</include>
		<control type="group">
			<left>-440</left>
			<include>SideBladeLeft</include>
			<control type="grouplist" id="9050">
				<include>MediaMenuTop</include>
				<control type="button" id="6051">
					<description>Show Info Toggle</description>
					<textwidth>255</textwidth>
					<include>ButtonCommonValues</include>
					<label>$LOCALIZE[31018]</label>
					<label2>[COLOR labelheader]$VAR[InfoPanelLabelVar][/COLOR]</label2>
					<onclick condition="Control.IsVisible(52)">$VAR[52VideoInfoPanelVar]</onclick>
					<onclick condition="Control.IsVisible(53)">$VAR[53VideoInfoPanelVar]</onclick>
					<visible>Control.IsVisible(52) | Control.IsVisible(53) + !Container.Content(genres)</visible>
				</control>
				<control type="togglebutton" id="6053">
					<description>LowList Toggle</description>
					<textwidth>255</textwidth>
					<include>ButtonCommonValues</include>
					<label>$LOCALIZE[31093]</label>
					<onclick>Skin.ToggleSetting(nohighlist)</onclick>
					<onclick>ReloadSkin()</onclick>
					<visible>Control.IsVisible(501)</visible>
				</control>
				<control type="button" id="7005">
					<description>Enable HD/SD/3D Indicators</description>
					<textwidth>375</textwidth>
					<include>ButtonCommonValues</include>
					<label>Toggle HD/SD/3D</label>
					<onclick condition="Control.IsVisible(602) + Container.Content(episodes)">Skin.ToggleSetting(noindicatorfanartlistepisodes)</onclick>
					<onclick condition="Control.IsVisible(602) + Container.Content(movies)">Skin.ToggleSetting(noindicatorfanartlistmovies)</onclick>
					<onclick condition="Control.IsVisible(52)">Skin.ToggleSetting(noindicatorlandscape)</onclick>
					<onclick condition="Control.IsVisible(53)">Skin.ToggleSetting(noindicatorshowcase)</onclick>
					<onclick condition="Control.IsVisible(504) + Container.Content(movies)">Skin.ToggleSetting(noindicatorgallerymovies)</onclick>
					<onclick condition="Control.IsVisible(507) + Container.Content(movies)">Skin.ToggleSetting(noindicatorbiglist)</onclick>
					<onclick condition="Control.IsVisible(507) + Container.Content(episodes)">Skin.ToggleSetting(noindicatorbiglistepisode)</onclick>
					<visible>[Control.IsVisible(602) | Control.IsVisible(507) + [Container.Content(movies) | Container.Content(episodes)]] | [Control.IsVisible(504) + Container.Content(movies)] | [[Control.IsVisible(52) | Control.IsVisible(53)] + [Container.Content(movies) | Container.Content(episodes)] + !Skin.HasSetting(showcaselogo)]</visible>
					<visible>!Container.Content(tvshows) + !Container.Content(seasons)</visible>
				</control>
				<control type="radiobutton" id="6099">
					<description>Enable ShowCase Covers</description>
					<textwidth>255</textwidth>
					<include>ButtonCommonValues</include>
					<label>Enable covers</label>
					<onclick>Skin.ToggleSetting(toggleshowcasecovers)</onclick>
					<onclick condition="Skin.HasSetting(toggleshowcasecovers) + Skin.HasSetting(showcasemod)">Notification($LOCALIZE[19098]:,Disabling covers turns off the Showcase Mod,5000,icon.png)</onclick>
					<selected>Skin.HasSetting(toggleshowcasecovers)</selected>
					<visible>Control.IsVisible(53) + Container.Content(movies)</visible>
				</control>
				<control type="radiobutton" id="7010">
					<description>No CoverFlow</description>
					<textwidth>375</textwidth>
					<include>ButtonCommonValues</include>
					<label>No CoverFlow</label>
					<onclick>Skin.ToggleSetting(noshowcaseflow)</onclick>
					<selected>Skin.HasSetting(noshowcaseflow)</selected>
					<visible>Control.IsVisible(53)</visible>
				</control>
				<control type="radiobutton" id="6056">
					<include>ButtonCommonValues</include>
					<textwidth>255</textwidth>
					<label>Display logo</label>
					<onclick>Skin.ToggleSetting(showcaselogo)</onclick>
					<selected>Skin.HasSetting(showcaselogo)</selected>
					<visible>[Control.IsVisible(52) | Control.IsVisible(53)] + !Container.Content(episodes) + !Container.Content(seasons) + !Container.Content(genres)</visible>
				</control>
				<control type="radiobutton" id="7015">
					<include>ButtonCommonValues</include>
					<textwidth>255</textwidth>
					<label>Hide label</label>
					<onclick>Skin.ToggleSetting(showcasenogenrelabel)</onclick>
					<selected>Skin.HasSetting(showcasenogenrelabel)</selected>
					<visible>[Control.IsVisible(52) | Control.IsVisible(53)] + Container.Content(genres)</visible>
				</control>
				<control type="togglebutton" id="7000">
					<description>Enable Logo LowList</description>
					<textwidth>255</textwidth>
					<include>ButtonCommonValues</include>
					<label>Logo toggle</label>
					<onclick condition="Control.IsVisible(501) + Skin.HasSetting(nohighlist)">Skin.ToggleSetting(lowlistlogo)</onclick>
					<onclick condition="Control.IsVisible(501) + !Skin.HasSetting(nohighlist)">Skin.ToggleSetting(highlistlogo)</onclick>
					<visible>Control.IsVisible(501)</visible>
				</control>
				<control type="radiobutton" id="7001">
					<description>Enable Shift DiscArt</description>
					<textwidth>255</textwidth>
					<include>ButtonCommonValues</include>
					<label>Show discart</label>
					<onclick>Skin.ToggleSetting(discshift)</onclick>
					<selected>Skin.HasSetting(discshift)</selected>
					<visible>[Control.IsVisible(57) + Container.Content(movies) + !Skin.HasSetting(smallshiftview)]</visible>
				</control>
				<control type="radiobutton" id="7002">
					<description>Enable ShiftCase DiscArt</description>
					<textwidth>255</textwidth>
					<include>ButtonCommonValues</include>
					<label>Show discart</label>
					<onclick>Skin.ToggleSetting(discshiftcase)</onclick>
					<selected>Skin.HasSetting(discshiftcase)</selected>
					<visible>Control.IsVisible(601) + Container.Content(movies)</visible>
				</control>
				<control type="radiobutton" id="7003">
					<description>Enable BannerInfo Floor</description>
					<textwidth>255</textwidth>
					<include>ButtonCommonValues</include>
					<label>Alternate layout</label>
					<onclick>Skin.ToggleSetting(bannerinfofloor)</onclick>
					<selected>!Skin.HasSetting(bannerinfofloor)</selected>
					<visible>Control.IsVisible(506)</visible>
				</control>
				<control type="radiobutton" id="6999">
					<description>Show Clearart</description>
					<textwidth>375</textwidth>
					<include>ButtonCommonValues</include>
					<label>Show Clearart</label>
					<onclick>Skin.ToggleSetting(Enable.Logo.clearart)</onclick>
					<selected>Skin.HasSetting(Enable.Logo.clearart)</selected>
					<visible>Control.IsVisible(59) + [Container.Content(movies) | Container.Content(tvshows)]</visible>
				</control>
				<control type="button" id="7006">
					<description>Enable Extended Information</description>
					<textwidth>375</textwidth>
					<include>ButtonCommonValues</include>
					<label>Toggle extended info</label>
					<onclick condition="Control.IsVisible(59) + Container.Content(tvshows)">Skin.ToggleSetting(noextendedinfotvshows)</onclick>
					<onclick condition="Control.IsVisible(59) + Container.Content(movies)">Skin.ToggleSetting(noextendedinfomovies)</onclick>
					<visible>Control.IsVisible(59) + [Container.Content(movies) | Container.Content(tvshows)]</visible>
				</control>
				<control type="button" id="7007">
					<description>Enable Media Flags</description>
					<textwidth>375</textwidth>
					<include>ButtonCommonValues</include>
					<label>Toggle media flags</label>
					<onclick condition="Control.IsVisible(59) + Container.Content(tvshows)">Skin.ToggleSetting(nomediaflagstvshows)</onclick>
					<onclick condition="Control.IsVisible(59) + Container.Content(movies)">Skin.ToggleSetting(nomediaflagsmovies)</onclick>
					<visible>Control.IsVisible(59) + [Container.Content(movies) | Container.Content(tvshows)]</visible>
				</control>
				<control type="radiobutton" id="7004">
					<description>Enable IMDb logo</description>
					<textwidth>285</textwidth>
					<include>ButtonCommonValues</include>
					<label>Enable IMDb/Oscar mod</label>
					<onclick>Skin.ToggleSetting(imdblogo)</onclick>
					<selected>Skin.HasSetting(imdblogo)</selected>
					<visible>Control.IsVisible(59) + Container.Content(movies)</visible>
				</control>
				<control type="radiobutton" id="7008">
					<description>Alternate Layout Episode</description>
					<textwidth>375</textwidth>
					<include>ButtonCommonValues</include>
					<label>Alternate layout</label>
					<onclick>Skin.ToggleSetting(alternatelayoutepisode)</onclick>
					<selected>Skin.HasSetting(alternatelayoutepisode)</selected>
					<visible>Control.IsVisible(502)</visible>
				</control>
				<control type="radiobutton" id="7009">
					<description>Small Shift View</description>
					<textwidth>375</textwidth>
					<include>ButtonCommonValues</include>
					<label>Enable small Shift</label>
					<onclick>Skin.ToggleSetting(smallshiftview)</onclick>
					<selected>Skin.HasSetting(smallshiftview)</selected>
					<visible>Control.IsVisible(57)</visible>
				</control>
				<control type="radiobutton" id="7011">
					<description>Enable DiscArt</description>
					<textwidth>375</textwidth>
					<include>ButtonCommonValues</include>
					<label>Show discart</label>
					<onclick>Skin.ToggleSetting(disclowlist)</onclick>
					<selected>Skin.HasSetting(disclowlist)</selected>
					<visible>Control.IsVisible(501) + Container.Content(movies)</visible>
				</control>
				<control type="radiobutton" id="7012">
					<description>Enable Wall Floor</description>
					<textwidth>375</textwidth>
					<include>ButtonCommonValues</include>
					<label>Enable floor info</label>
					<onclick>Skin.ToggleSetting(wallfloorlabels)</onclick>
					<selected>Skin.HasSetting(wallfloorlabels)</selected>
					<visible>Control.IsVisible(503)</visible>
				</control>
				<control type="radiobutton" id="7013">
					<description>Enable LowList Covers</description>
					<textwidth>255</textwidth>
					<include>ButtonCommonValues</include>
					<label>Enable covers</label>
					<onclick>Skin.ToggleSetting(togglelowlistcovers)</onclick>
					<selected>Skin.HasSetting(togglelowlistcovers)</selected>
					<visible>Control.IsVisible(501) + Container.Content(movies)</visible>
				</control>
				<control type="radiobutton" id="7016">
					<description>Alternate BigList layout</description>
					<textwidth>375</textwidth>
					<include>ButtonCommonValues</include>
					<label>Alternate layout</label>
					<onclick>Skin.ToggleSetting(alternatebiglistlayout)</onclick>
					<selected>Skin.HasSetting(alternatebiglistlayout)</selected>
					<visible>Control.IsVisible(507)</visible>
				</control>
				<control type="button" id="7017">
					<description>Toggle Oscars Statue</description>
					<textwidth>375</textwidth>
					<include>ButtonCommonValues</include>
					<label>Toggle Oscars statue</label>
					<onclick condition="Control.IsVisible(500)">Skin.ToggleSetting(oscars500)</onclick>
					<onclick condition="Control.IsVisible(499)">Skin.ToggleSetting(oscars499)</onclick>
					<onclick condition="Control.IsVisible(503)">Skin.ToggleSetting(oscars503)</onclick>
					<onclick condition="Control.IsVisible(609)">Skin.ToggleSetting(oscars609)</onclick>
					<onclick condition="Control.IsVisible(504)">Skin.ToggleSetting(oscars504)</onclick>
					<onclick condition="Control.IsVisible(505)">Skin.ToggleSetting(oscars505)</onclick>
					<onclick condition="Control.IsVisible(591)">Skin.ToggleSetting(oscars591)</onclick>
					<onclick condition="Control.IsVisible(57)">Skin.ToggleSetting(oscars57)</onclick>
					<onclick condition="Control.IsVisible(57)">Skin.ToggleSetting(oscars57small)</onclick>
					<onclick condition="Control.IsVisible(501)">Skin.ToggleSetting(oscars501)</onclick>
					<onclick condition="Control.IsVisible(507)">Skin.ToggleSetting(oscars507)</onclick>
					<visible>StringCompare(Container.FolderPath,special://profile/playlists/video/BestPicture.xsp) + [Control.IsVisible(500) | Control.IsVisible(499) | Control.IsVisible(503) | Control.IsVisible(609) | Control.IsVisible(504) | Control.IsVisible(505) | Control.IsVisible(591) | Control.IsVisible(57) | Control.IsVisible(501) | Control.IsVisible(507)]</visible>
				</control>
				<control type="radiobutton" id="7025">
					<description>Alternate Layout</description>
					<textwidth>375</textwidth>
					<include>ButtonCommonValues</include>
					<label>Alternate layout</label>
					<onclick>Skin.ToggleSetting(rightlistalternate)</onclick>
					<selected>Skin.HasSetting(rightlistalternate)</selected>
					<visible>Control.IsVisible(700) + Container.Content(movies)</visible>Skin.HasSetting(rightlistalternatetv)
				</control>
				<control type="radiobutton" id="7020">
					<description>Enable DiscArt</description>
					<textwidth>375</textwidth>
					<include>ButtonCommonValues</include>
					<label>Show discart</label>
					<onclick>Skin.ToggleSetting(discrightlist)</onclick>
					<selected>Skin.HasSetting(discrightlist)</selected>
					<visible>Control.IsVisible(700) + Container.Content(movies)</visible>
				</control>
				<control type="radiobutton" id="7021">
					<description>Enable RightList Covers</description>
					<textwidth>255</textwidth>
					<include>ButtonCommonValues</include>
					<label>Enable covers</label>
					<onclick>Skin.ToggleSetting(togglerightlistcovers)</onclick>
					<selected>Skin.HasSetting(togglerightlistcovers)</selected>
					<visible>Control.IsVisible(700) + Container.Content(movies)</visible>
				</control>
				<control type="radiobutton" id="7026">
					<description>Alternate TV Layout</description>
					<textwidth>375</textwidth>
					<include>ButtonCommonValues</include>
					<label>Alternate layout</label>
					<onclick>Skin.ToggleSetting(rightlistalternatetv)</onclick>
					<selected>Skin.HasSetting(rightlistalternatetv)</selected>
					<visible>Control.IsVisible(700) + Container.Content(tvshows)</visible>
				</control>
				<control type="radiobutton" id="7027">
					<description>Alternate Episode Layout</description>
					<textwidth>375</textwidth>
					<include>ButtonCommonValues</include>
					<label>Alternate layout</label>
					<onclick>Skin.ToggleSetting(rightlistalternateepisode)</onclick>
					<selected>Skin.HasSetting(rightlistalternateepisode)</selected>
					<visible>Control.IsVisible(700) + Container.Content(episodes)</visible>
				</control>
				<control type="radiobutton" id="7022">
					<description>Enable Logo</description>
					<textwidth>255</textwidth>
					<include>ButtonCommonValues</include>
					<label>Enable logo</label>
					<onclick>Skin.ToggleSetting(rightlistlogotv)</onclick>
					<selected>Skin.HasSetting(rightlistlogotv)</selected>
					<visible>Control.IsVisible(700) + [Container.Content(tvshows) | Container.Content(seasons) | Container.Content(episodes)]</visible>
				</control>
				<control type="radiobutton" id="7023">
					<description>Enable Logo</description>
					<textwidth>255</textwidth>
					<include>ButtonCommonValues</include>
					<label>Enable logo</label>
					<onclick>Skin.ToggleSetting(rightlistlogomovie)</onclick>
					<selected>Skin.HasSetting(rightlistlogomovie)</selected>
					<visible>Control.IsVisible(700) + Container.Content(movies)</visible>
				</control>
				<control type="radiobutton" id="7024">
					<description>Enable Info</description>
					<textwidth>255</textwidth>
					<include>ButtonCommonValues</include>
					<label>Show Information</label>
					<onclick>Skin.ToggleSetting(inforightlist)</onclick>
					<selected>Skin.HasSetting(inforightlist)</selected>
					<visible>Control.IsVisible(700) + [Container.Content(movies) | Container.Content(tvshows) | Container.Content(episodes)]</visible>
				</control>
				<control type="radiobutton" id="7028">
					<description>Alternate Season Layout</description>
					<textwidth>375</textwidth>
					<include>ButtonCommonValues</include>
					<label>Alternate layout</label>
					<onclick>Skin.ToggleSetting(rightlistalternateseasons)</onclick>
					<selected>Skin.HasSetting(rightlistalternateseasons)</selected>
					<visible>Control.IsVisible(700) + Container.Content(seasons)</visible>
				</control>
				<control type="radiobutton" id="7029">
					<description>Enable IMDb</description>
					<textwidth>255</textwidth>
					<include>ButtonCommonValues</include>
					<label>Enable IMDb logo</label>
					<onclick>Skin.ToggleSetting(bigfanimdblogo)</onclick>
					<selected>Skin.HasSetting(bigfanimdblogo)</selected>
					<visible>Control.IsVisible(591) + Container.Content(movies)</visible>
				</control>
				<control type="radiobutton" id="7030">
					<description>Enable IMDb</description>
					<textwidth>255</textwidth>
					<include>ButtonCommonValues</include>
					<label>Enable IMDb logo</label>
					<onclick>Skin.ToggleSetting(lowlistimdblogo)</onclick>
					<selected>Skin.HasSetting(lowlistimdblogo)</selected>
					<visible>Control.IsVisible(501) + Container.Content(movies)</visible>
				</control>
				<!--
				<control type="radiobutton" id="8000">
					<description>Toggle Colored Mod</description>
					<textwidth>375</textwidth>
					<include>ButtonCommonValues</include>
					<label>Toggle colored</label>
					<onclick>Skin.ToggleSetting(coloredflags)</onclick>
					<selected>Skin.HasSetting(coloredflags)</selected>
				</control>
				-->
				<control type="button" id="201">
					<description>View options</description>
					<textwidth>352</textwidth>
					<font>font13_title</font>
					<include>ButtonCommonValues</include>
					<label>31026</label>
					<enable>no</enable>
					<disabledcolor>themecolor</disabledcolor>
				</control>
				<control type="button" id="10">
					<description>Watched Toggle</description>
					<textwidth>255</textwidth>
					<include>ButtonCommonValues</include>
					<label>20367</label>
					<label2>[COLOR themecolor]$INFO[Container.NumItems][/COLOR]</label2>
				</control>
				<control type="button" id="8">
					<description>Search</description>
					<include>ButtonCommonValues</include>
					<label>137</label>
				</control>
				<control type="edit" id="19">
					<visible>Container.CanFilter + !Container.CanFilterAdvanced</visible>
					<description>Filter</description>
					<textwidth>345</textwidth>
					<include>ButtonCommonValues</include>
					<label>587</label>
				</control>
				<control type="radiobutton" id="98">
					<visible>Container.CanFilterAdvanced</visible>
					<description>Filter</description>
					<include>ButtonCommonValues</include>
					<label>587</label>
					<selected>Container.Filtered</selected>
					<onclick>right</onclick>
					<onclick>Filter</onclick>
				</control>
				<control type="radiobutton" id="16">
					<description>PartyMode</description>
					<label>589</label>
					<include>ButtonCommonValues</include>
					<visible>Container.Content(MusicVideos)</visible>
				</control>
				<control type="radiobutton" id="11">
					<description>Unlock Shares</description>
					<textwidth>255</textwidth>
					<include>ButtonCommonValues</include>
					<label>20336</label>
					<onclick>xbmc.mastermode</onclick>
					<selected>system.ismaster</selected>
					<visible>system.haslocks</visible>
				</control>
				<control type="button" id="203">
					<description>View options</description>
					<textwidth>352</textwidth>
					<font>font13_title</font>
					<include>ButtonCommonValues</include>
					<label>31039</label>
					<enable>no</enable>
					<disabledcolor>themecolor</disabledcolor>
				</control>
				<control type="togglebutton" id="20">
					<description>Update library</description>
					<include>ButtonCommonValues</include>
					<label>653</label>
					<altlabel>13353</altlabel>
					<usealttexture>library.isscanningvideo</usealttexture>
				</control>
				<control type="button" id="612">
					<description>Go to playlist</description>
					<include>ButtonCommonValues</include>
					<label>13350</label>
					<onclick>ActivateWindow(videoplaylist)</onclick>
					<visible>!StringCompare(Playlist.Length(video),0)</visible>
				</control>
			</control>
		</control>
	</controls>
</window>