<?xml version="1.0" encoding="UTF-8"?>
<window>
	<defaultcontrol always="true">5</defaultcontrol>
	<allowoverlay>no</allowoverlay>
	<controls>
		<control type="group">
			<animation effect="slide" start="-729,0" end="0,0" time="500" tween="quadratic">WindowOpen</animation>
            <animation effect="slide" end="-729,0" time="500" tween="quadratic">WindowClose</animation>
			<control type="image">
				<width>729</width>
				<height>1080</height>
				<aspectratio aligny="top">scale</aspectratio>
				<texture background="true" fallback="black.png">$INFO[Window.Property(movie.Poster)]</texture>
			</control>
            <control type="image">
				<width>729</width>
				<height>1080</height>
				<aspectratio aligny="top">scale</aspectratio>
				<texture background="true" fallback="black.png">$INFO[Window.Property(movie.set.thumb)]</texture>
                <animation effect="fade" start="0" end="100" time="500" tween="sine" easing="inout">VisibleChange</animation>
                <visible>IntegerGreaterThan(Container(250).NumItems,0) + ControlGroup(9000).HasFocus(208) + !IsEmpty(Window.Property(movie.Set)) + !IsEmpty(Window.Property(movie.set.thumb))</visible>
			</control>
		</control>
		<control type="group">
			<animation effect="slide" start="1242,0" end="0,0" time="500" tween="quadratic">WindowOpen</animation>
            <animation effect="slide" end="1242,0" time="500" tween="quadratic">WindowClose</animation>
			<left>729</left>
            <control type="image">
				<width>1192</width>
				<height>1080</height>
				<aspectratio align="center">scale</aspectratio>
				<texture background="true" fallback="black.png">$INFO[Window.Property(movie.fanart)]</texture>
			</control>
			<control type="image">
				<width>1192</width>
				<height>1080</height>
				<texture border="4">dialogs/info/info_rightpaneltop.png</texture>
			</control>
			<control type="group">
				<left>40</left>
				<top>20</top>
				<width>1042</width>
				<height>854</height>
				<control type="grouplist">
					<top>-20</top>
					<width>1100</width>
					<height>110</height>
					<itemgap>0</itemgap>
					<align>center</align>
					<control type="label">
						<width>980</width>
						<height>60</height>
						<aligny>center</aligny>
						<align>left</align>
						<font>font30_title_bold</font>
						<textcolor>grey</textcolor>
						<scroll>true</scroll>
						<label>$INFO[Window.Property(movie.Title)]</label>
					</control>
					<control type="label">
						<width>980</width>
						<height>30</height>
						<aligny>center</aligny>
						<align>left</align>
						<font>font15</font>
						<textcolor>labelheader</textcolor>
						<scroll>true</scroll>
						<label>$INFO[Window.Property(movie.tagline)]</label>
						<visible>!IsEmpty(Window.Property(movie.tagline))</visible>
					</control>                   
				</control>
                <control type="image">
                    <left>980</left>
                    <top>-20</top>
                    <width>259</width>
                    <height>100</height>
                    <texture>special://home/addons/script.extendedinfo/resources/skins/Default/media/moviedb.png</texture>
                    <aspectratio align="left" aligny="center">keep</aspectratio>                   
                </control>
				<control type="image">
					<left>-37</left>
					<top>32</top>
					<width>1188</width>
					<height>60</height>
					<texture border="1">separator2.png</texture>
				</control>
				<control type="grouplist">
					<left>0</left>
					<top>95</top>
					<width>1188</width>
					<height>90</height>
					<itemgap>0</itemgap>
					<align>left</align>
					<orientation>horizontal</orientation>
					<control type="label">
						<width>140</width>
						<height>90</height>
						<align>left</align>
						<label>[B]$INFO[Window.Property(movie.year)][/B]</label>
						<font>font35_title</font>
						<textcolor>grey</textcolor>
					</control>
					<control type="image">
						<width>2</width>
						<height>90</height>
						<texture border="1">separator3.png</texture>
					</control>
					<control type="group">
						<width>198</width>
                        <control type="group">
                            <visible>!IntegerGreaterThan(Container(1450).NumItems,0)</visible>
                            <control type="image" id="800011">
                                <colordiffuse>grey</colordiffuse>
                                <width>198</width>
                                <include>MediaFlagVars</include>
                                <bordersize>2</bordersize>
                                <texture>$INFO[Container(550).ListItem(0).label,flags/studios/,.png]</texture>
                            </control> 
                            <control type="label">
                                <left>0</left>
                                <width>198</width>
                                <height>90</height>
                                <align>center</align>
                                <label>$INFO[Container(550).ListItem(0).label]</label>
                                <font>font10</font>
                                <textcolor>grey</textcolor>
                                <wrapmultiline>true</wrapmultiline>
                                <visible>IsEmpty(Control.GetLabel(800011))</visible>
                            </control>
                        </control>
                        <control type="group">
                            <visible>IntegerGreaterThan(Container(1450).NumItems,0)</visible>
                            <control type="image" id="800012">
                                <colordiffuse>grey</colordiffuse>
                                <width>198</width>
                                <include>MediaFlagVars</include>
                                <bordersize>2</bordersize>
                                <texture>$INFO[Container(1450).ListItem(0).label,flags/studios/,.png]</texture>
                            </control>
                            <control type="label">
                                <left>0</left>
                                <width>198</width>
                                <height>90</height>
                                <align>center</align>
                                <label>$INFO[Container(1450).ListItem(0).label]</label>
                                <font>font10</font>
                                <textcolor>grey</textcolor>
                                <wrapmultiline>true</wrapmultiline>
                                <visible>IsEmpty(Control.GetLabel(800012))</visible>
                            </control>
                        </control>
					</control>
					<control type="image">
						<width>2</width>
						<height>90</height>
						<texture border="1">separator3.png</texture>
					</control>
                    <control type="image">
                        <width>198</width>
                        <colordiffuse>grey</colordiffuse>
                        <include>MediaFlagVars</include>
                        <texture fallback="flags/mpaa/NR.png">$INFO[Window.Property(movie.mpaa),flags/mpaa/,.png]</texture>
                    </control>
					<control type="image">
						<width>2</width>
						<height>90</height>
						<texture border="1">separator3.png</texture>
					</control>
					<control type="group">
						<width>160</width>
						<visible>!Stringcompare(Window.Property(movie.Duration),0) + !IsEmpty(Window.Property(movie.Duration))</visible>
						<control type="label">
							<left>0</left>
							<top>2</top>
							<width>160</width>
							<height>60</height>
							<align>center</align>
							<label>[B]$INFO[Window.Property(movie.Duration)][/B]</label>
							<font>font48</font>
							<textcolor>grey</textcolor>
						</control>
						<control type="label">
							<top>52</top>
							<width>160</width>
							<height>30</height>
							<align>center</align>
							<label>[LOWERCASE]$LOCALIZE[12391][/LOWERCASE]</label>
							<font>font12</font>
							<textcolor>grey</textcolor>
						</control>
					</control>
					<control type="image">
						<width>2</width>
						<height>90</height>
						<texture border="1">separator3.png</texture>
					</control>
					<control type="group">
						<visible>!IsEmpty(Window.Property(movie.rating))</visible>
						<width>200</width>
						<control type="label">
							<left>0</left>
							<top>2</top>
							<width>200</width>
							<height>60</height>
							<align>center</align>
							<label>[B]$INFO[Window.Property(movie.rating)][/B]</label>
							<font>font48</font>
							<textcolor>grey</textcolor>
						</control>
						<control type="label">
							<top>52</top>
							<width>200</width>
							<height>30</height>
							<align>center</align>
							<label>[LOWERCASE]$INFO[Window.Property(movie.votes),, Votes][/LOWERCASE]</label>
							<font>font12</font>
							<textcolor>grey</textcolor>
						</control>
					</control>
					<control type="image">
						<width>2</width>
						<height>90</height>
						<texture border="1">separator3.png</texture>
						<visible>!IsEmpty(Window.Property(movie.rating))</visible>
					</control>
					<control type="group">
						<visible>!IsEmpty(Window.Property(movie.Top250))</visible>
						<width>200</width>
						<control type="label">
							<left>0</left>
							<top>2</top>
							<width>200</width>
							<height>60</height>
							<align>center</align>
							<label>[B]$INFO[Window.Property(movie.Top250)][/B]</label>
							<font>font48</font>
							<wrapmultiline>true</wrapmultiline>
							<textcolor>grey</textcolor>
						</control>
						<control type="label">
							<top>52</top>
							<width>200</width>
							<height>30</height>
							<align>center</align>
							<label>[LOWERCASE]$LOCALIZE[13409][/LOWERCASE]</label>
							<font>font12</font>
							<textcolor>grey</textcolor>
						</control>
					</control>
					<control type="image">
						<width>2</width>
						<height>90</height>
						<texture border="1">separator3.png</texture>
						<visible>!IsEmpty(ListItem.Top250)</visible>
					</control>
				</control>
				<control type="image">
					<left>-37</left>
					<top>126</top>
					<width>1188</width>
					<height>60</height>
					<texture border="1">separator2.png</texture>
				</control>
				<control type="panel" id="300">
					<left>-36</left>
					<top>184</top>
					<width>1188</width>
					<height>306</height>
					<onup>4002</onup>
					<ondown>9000</ondown>
					<orientation>horizontal</orientation>
					<scrolltime tween="quadratic" easing="out">200</scrolltime>
					<itemlayout height="102" width="594">
						<control type="image">
							<top>42</top>
							<width>594</width>
							<height>60</height>
							<texture border="1">separator2.png</texture>
						</control>
						<control type="label">
							<top>50</top>
							<width>594</width>
							<height>40</height>
							<font>font15</font>
							<textcolor>grey</textcolor>
							<selectedcolor>selected</selectedcolor>
							<label>$INFO[ListItem.Label]</label>
							<textoffsetx>36</textoffsetx>
						</control>
						<control type="label">
							<top>5</top>
							<width>594</width>
							<height>40</height>
							<font>font15</font>
							<textcolor>labelheader</textcolor>
							<selectedcolor>selected</selectedcolor>
							<label>$INFO[ListItem.Label2]</label>
							<textoffsetx>36</textoffsetx>
						</control>
					</itemlayout>
					<focusedlayout height="102" width="594">
						<control type="image">
							<top>42</top>
							<width>594</width>
							<height>60</height>
							<texture border="1">separator2.png</texture>
						</control>
						<control type="image">
							<top>1</top>
							<width>594</width>
							<height>100</height>
							<texture border="4">listselect_fo.png</texture>
							<visible>Control.HasFocus(300)</visible>
							<include>VisibleFadeEffect</include>
                            <colordiffuse></colordiffuse>
						</control>
						<control type="label">
							<top>50</top>
							<width>594</width>
							<height>40</height>
							<font>font15</font>
							<textcolor>white</textcolor>
							<selectedcolor>selected</selectedcolor>
							<label>$INFO[ListItem.Label]</label>
							<textoffsetx>36</textoffsetx>
						</control>
						<control type="label">
							<top>5</top>
							<width>594</width>
							<height>40</height>
							<font>font15</font>
							<textcolor>white</textcolor>
							<selectedcolor>selected</selectedcolor>
							<label>$INFO[ListItem.Label2]</label>
							<textoffsetx>36</textoffsetx>
						</control>
					</focusedlayout>
					<content>
						<item>
							<label>$INFO[Window.Property(movie.originaltitle)]</label>
							<label2>$LOCALIZE[20376]:</label2>
							<onclick>noop</onclick>
							<visible>!IsEmpty(Window.Property(movie.originaltitle)) + !StringCompare(Window.Property(movie.originaltitle),Window.Property(movie.Title))</visible>
						</item>
						<item>
							<label>$INFO[Window.Property(movie.director)]</label>
							<label2>$LOCALIZE[20339]:</label2>
                            <onclick>noop</onclick>
							<onclick>RunScript(script.extendedinfo,info=extendedactorinfo,name=$INFO[Container(300).ListItem.Label])</onclick>
                            <visible>!IsEmpty(Window.Property(movie.director))</visible>
						</item>
						<item>
							<label>$INFO[Window.Property(movie.writer)]</label>
							<label2>$LOCALIZE[20417]:</label2>
							<onclick>RunScript(script.extendedinfo,info=extendedactorinfo,name=$INFO[Container(300).ListItem.Label])</onclick>
							<visible>!IsEmpty(Window.Property(movie.writer))</visible>
						</item>
						<item>
							<label>$INFO[Window.Property(movie.genre)]</label>
							<label2>$LOCALIZE[515]:</label2>
							<onclick>noop</onclick>
							<visible>!IsEmpty(Window.Property(movie.genre))</visible>
						</item>
						<item>
							<label>$INFO[Window.Property(movie.releasedate)]</label>
							<label2>$LOCALIZE[20416]:</label2>
							<onclick>noop</onclick>
							<visible>!IsEmpty(Window.Property(movie.releasedate))</visible>
						</item>
						<item>
							<label>$INFO[Window.Property(movie.country)]</label>
							<label2>$LOCALIZE[574]:</label2>
							<onclick>noop</onclick>
							<visible>!IsEmpty(Window.Property(movie.country))</visible>
						</item>
						<item>
							<label>INFO[Window.Property(movie.lastplayed)]</label>
							<label2>$LOCALIZE[568]:</label2>
							<onclick>noop</onclick>
							<visible>!IsEmpty(Window.Property(movie.DBID)) + !IsEmpty(Window.Property(movie.lastplayed))</visible>
						</item>
						<item>
							<label>$INFO[Window.Property(movie.FilenameAndPath)]</label>
							<label2>$LOCALIZE[573]:</label2>
							<onclick>Dialog.Close(movieinformation)</onclick>
							<onclick>ActivateWindow(Videos,$INFO[ListItem.Path],return)</onclick>
                            <visible>!IsEmpty(Window.Property(movie.DBID)) + !IsEmpty(Window.Property(movie.FilenameAndPath))</visible>
						</item>
						<item>
							<label>$INFO[Window.Property(movie.playcount)]</label>
							<label2>$LOCALIZE[567]:</label2>
							<onclick>noop</onclick>
							<visible>!IsEmpty(Window.Property(movie.DBID)) + !IsEmpty(Window.Property(movie.playcount))</visible>
						</item>
						<item>
							<label>$INFO[Window.Property(movie.PercentPlayed),(,%)]</label>
							<label2>$LOCALIZE[575]:</label2>
							<onclick>noop</onclick>
							<visible>!IsEmpty(Window.Property(movie.DBID)) + IntegerGreaterThan(Window.Property(movie.PercentPlayed),0)</visible>
						</item>
                        <item>
							<label>$INFO[Window.Property(movie.Budget),$]</label>
							<label2>$ADDON[script.extendedinfo 32109]:</label2>
							<onclick>noop</onclick>
							<visible>!IsEmpty(Window.Property(movie.Budget))</visible>
						</item>
                        <item>
							<label>$INFO[Window.Property(movie.Revenue),$]</label>
							<label2>$ADDON[script.extendedinfo 32108]:</label2>
							<onclick>noop</onclick>
							<visible>!IsEmpty(Window.Property(movie.Revenue))</visible>
						</item>
						<item>
							<label>[UPPERCASE]$INFO[Window.Property(movie.AudioLanguage.1)][/UPPERCASE]</label>
							<label2>$LOCALIZE[21447]:</label2>
							<onclick>noop</onclick>
							<visible>!IsEmpty(Window.Property(movie.DBID)) + !IsEmpty(Window.Property(movie.AudioLanguage.1))</visible>
						</item>
						<item>
							<label>[UPPERCASE]$INFO[Window.Property(movie.SubtitleLanguage.1)][/UPPERCASE]</label>
							<label2>$LOCALIZE[21448]:</label2>
							<onclick>noop</onclick>
							<visible>!IsEmpty(Window.Property(movie.DBID)) + !IsEmpty(Window.Property(movie.SubtitleLanguage.1))</visible>
						</item>
					</content>
				</control>
				<control type="textbox" id="800">
					<description>Plot</description>
					<left>0</left>
					<top>555</top>
					<width>1132</width>
					<height>402</height>
					<font>font15_textbox</font>
					<align>left</align>
					<label fallback="161">$INFO[Window.Property(movie.Plot)]</label>
					<textcolor>white</textcolor>
					<pagecontrol>60</pagecontrol>
					<autoscroll time="3000" delay="6000" repeat="6000">Skin.HasSetting(Enable.AutoScroll)</autoscroll>
					<animation effect="fade" start="0" end="100" time="500" tween="sine" easing="inout">VisibleChange</animation>
					<visible>[ControlGroup(9000).HasFocus(5) | ControlGroup(9000).HasFocus(8)] + StringCompare(Control.GetLabel(5),$LOCALIZE[206])</visible>
				</control>                
				<control type="scrollbar" id="60">
					<left>1137</left>
					<top>550</top>
					<width>12</width>
					<height>418</height>
					<onup>9000</onup>
					<ondown>noop</ondown>
					<onleft>9000</onleft>
					<onright>9000</onright>
					<texturesliderbackground>-</texturesliderbackground>
					<texturesliderbar colordiffuse="55ffffff" border="1">scrollbar/texturesliderbar2.png</texturesliderbar>
					<texturesliderbarfocus border="1">scrollbar/texturesliderbar2.png</texturesliderbarfocus>
					<showonepage>false</showonepage>
					<orientation>vertical</orientation>
					<visible>ControlGroup(9000).HasFocus(5) + Control.IsVisible(800)</visible>
				</control>
				<control type="group">
					<left>-37</left>
					<top>970</top>
					<control type="image">
						<top>-60</top>
						<width>1188</width>
						<height>60</height>
						<texture border="1">separator2.png</texture>
					</control>
					<control type="grouplist">
						<left>0</left>
						<top>0</top>
						<width>1188</width>
						<height>90</height>
						<align>left</align>
						<aligny>center</aligny>
						<itemgap>0</itemgap>
						<orientation>horizontal</orientation>
                        <animation effect="fade" start="0" end="100" time="500" tween="sine" easing="inout">VisibleChange</animation>
                        <visible>!IsEmpty(Window.Property(movie.DBID)) + [ControlGroup(9000).HasFocus(5) | ControlGroup(9000).HasFocus(8)]</visible>
						<control type="image">
							<width>198</width>
							<colordiffuse>grey</colordiffuse>
							<include>MediaFlagVars</include>
							<texture>$INFO[Window.Property(movie.VideoResolution),flags/resolution/,.png]</texture>
							<visible>!IsEmpty(Window.Property(movie.VideoResolution))</visible>
						</control>
						<control type="image">
							<width>2</width>
							<height>90</height>
							<texture border="1">separator3.png</texture>
						</control>
						<control type="image">
							<width>198</width>
							<colordiffuse>grey</colordiffuse>
							<include>MediaFlagVars</include>
							<texture>$INFO[Window.Property(movie.AudioCodec),flags/audio/,.png]</texture>
							<visible>!IsEmpty(Window.Property(movie.AudioCodec))</visible>
						</control>
						<control type="image">
							<width>2</width>
							<height>90</height>
							<texture border="1">separator3.png</texture>
						</control>
						<control type="image">
							<width>198</width>
							<colordiffuse>grey</colordiffuse>
							<include>MediaFlagVars</include>
							<texture>$INFO[Window.Property(movie.AudioChannels),flags/channels/,.png]</texture>
							<visible>!IsEmpty(Window.Property(movie.AudioChannels))</visible>
						</control>
						<control type="image">
							<width>2</width>
							<height>90</height>
							<texture border="1">separator3.png</texture>
						</control>
						<control type="image">
							<width>198</width>
							<colordiffuse>grey</colordiffuse>
							<include>MediaFlagVars</include>
							<texture>$INFO[Window.Property(movie.VideoCodec),flags/video/,.png]</texture>
						</control>
						<control type="image">
							<width>2</width>
							<height>90</height>
							<texture border="1">separator3.png</texture>
						</control>
						<control type="image">
							<width>198</width>
							<colordiffuse>grey</colordiffuse>
							<include>MediaFlagVars</include>
							<texture>$INFO[Window.Property(movie.VideoAspect),flags/aspectratio/,.png]</texture>
						</control>
						<control type="image">
							<width>2</width>
							<height>90</height>
							<texture border="1">separator3.png</texture>
						</control>
						<control type="image">
							<width>198</width>
							<colordiffuse>grey</colordiffuse>
							<include>MediaFlagVars</include>
							<texture>flags/cc.png</texture>
							<visible>!IsEmpty(Window.Property(movie.SubtitleLanguage))</visible>
						</control>
					</control>
					<control type="image">
						<top>90</top>
						<width>1188</width>
						<height>2</height>
						<texture border="1">separator2.png</texture>
					</control>
				</control>
                <control type="panel" id="150">
                    <description>Recommended by TMDB</description>
                    <visible>false</visible>
                </control>
                <control type="panel" id="250">
                    <description>Set</description>
                    <left>-37</left>
                    <top>552</top>
                    <width>1188</width>
                    <height>520</height>
                    <onleft>250</onleft>
                    <onright>250</onright>
                    <onup>9000</onup>
                    <ondown>9000</ondown>
                    <orientation>horizontal</orientation>
                    <scrolltime tween="quadratic" easing="out">300</scrolltime>
                    <visible>IntegerGreaterThan(Container(250).NumItems,0) + ControlGroup(9000).HasFocus(208)</visible>
                    <animation effect="fade" start="0" end="100" time="500" tween="sine" easing="inout">VisibleChange</animation>
                    <itemlayout height="420" width="297">
                        <control type="image">
                            <width>297</width>
                            <height>418</height>
                            <fadetime>400</fadetime>
                            <aspectratio>scale</aspectratio>
                            <texture background="true" fallback="DefaultVideoCover.png">$INFO[ListItem.Thumb]</texture>
                        </control>
                        <control type="image">
                            <left>240</left>
                            <width>60</width>
                            <height>60</height>                           
                            <texture colordiffuse="selected">views/list/DefaultHardDisk.png</texture>
                            <visible>!IsEmpty(ListItem.Property(DBID))</visible>
                        </control>
                        <control type="image">
                            <top>328</top>
                            <width>297</width>
                            <height>90</height>
                            <texture>black.png</texture>
                            <colordiffuse>88ffffff</colordiffuse>
                        </control>
                        <control type="textbox">
                            <left>10</left>
                            <top>330</top>
                            <width>277</width>
                            <height>75</height>
                            <align>center</align>
                            <font>font13</font>
                            <shadowcolor>black</shadowcolor>
                            <label>$INFO[ListItem.Label]$INFO[ListItem.Year, (,)]</label>
                        </control>
                    </itemlayout>
                    <focusedlayout height="420" width="297">
                        <control type="group">
                            <animation type="Focus" reversible="false">
                                <effect type="zoom" start="95" end="100" time="300" tween="sine" easing="inout" center="auto" />
                                <effect type="fade" start="80" end="100" time="300" tween="sine" easing="in" />
                            </animation>
                            <control type="image">
                                <width>297</width>
                                <height>418</height>
                                <aspectratio>scale</aspectratio>
                                <fadetime>400</fadetime>
                                <texture background="true" fallback="DefaultVideoCover.png">$INFO[ListItem.Thumb]</texture>
                                <bordertexture border="8">thumbs/thumbnail_focused.png</bordertexture>
                                <bordersize>8</bordersize>
                            </control>
                            <control type="image">
                                <left>240</left>
                                <width>60</width>
                                <height>60</height>                                
                                <texture colordiffuse="selected">views/list/DefaultHardDisk.png</texture>
                                <visible>!IsEmpty(ListItem.Property(DBID))</visible>
                            </control>
                            <control type="image">
                                <left>8</left>
                                <top>328</top>
                                <width>281</width>
                                <height>82</height>
                                <texture>black.png</texture>
                                <colordiffuse>88ffffff</colordiffuse>
                            </control>
                            <control type="textbox">
                                <left>10</left>
                                <top>330</top>
                                <width>277</width>
                                <height>75</height>
                                <font>font13</font>
                                <align>center</align>
                                <shadowcolor>black</shadowcolor>
                                <label>$INFO[ListItem.Label]$INFO[ListItem.Year, (,)]</label>
                                <autoscroll time="2000" delay="2000" repeat="2000">true</autoscroll>
                            </control>
                        </control>
                    </focusedlayout>
                </control>
                <control type="panel" id="350">
                    <description>Youtube Videos</description>
                    <visible>false</visible>
                </control>
                <control type="panel" id="450">
                    <description>Lists from MovieDB Users</description>
                    <visible>false</visible>
                </control>
                <control type="panel" id="550">
                    <description>Production Companies</description>
                    <visible>false</visible>
                </control>
                <control type="panel" id="650">
                    <description>Releases</description>
                    <visible>false</visible>
                </control>
                <control type="panel" id="750">
                    <description>Crew</description>
                    <left>-37</left>
					<top>552</top>
					<width>1188</width>
					<height>420</height>
					<onleft>750</onleft>
					<onright>750</onright>
					<onup>9000</onup>
                    <ondown>9000</ondown>
					<orientation>horizontal</orientation>
                    <scrolltime tween="quadratic" easing="out">300</scrolltime>
                    <visible>IntegerGreaterThan(Container(750).NumItems,0) + ControlGroup(9000).HasFocus(210)</visible>
                    <animation effect="fade" start="0" end="100" time="500" tween="sine" easing="inout">VisibleChange</animation>
					<itemlayout height="420" width="297">
						<control type="image">
							<width>297</width>
                            <height>418</height>
                            <fadetime>400</fadetime>
							<aspectratio>scale</aspectratio>
							<texture background="true" fallback="DefaultActor.png">$INFO[ListItem.Thumb]</texture>
						</control>
                        <control type="image">
                            <top>328</top>
                            <width>297</width>
                            <height>90</height>
                            <texture>black.png</texture>
                            <colordiffuse>88ffffff</colordiffuse>
                        </control>
						<control type="textbox">
                            <left>14</left>
                            <top>330</top>
                            <width>269</width>
                            <height>75</height>
                            <align>center</align>
							<font>font13</font>
                            <shadowcolor>black</shadowcolor>
							<label>$INFO[ListItem.Label]$INFO[ListItem.Property(job), - ,]</label>
						</control>
					</itemlayout>
					<focusedlayout height="420" width="297">
                        <control type="group">
                            <animation type="Focus" reversible="false">
                                <effect type="zoom" start="95" end="100" time="300" tween="sine" easing="inout" center="auto" />
                                <effect type="fade" start="80" end="100" time="300" tween="sine" easing="in" />
                            </animation>
                            <control type="image">
                                <width>297</width>
                                <height>418</height>
                                <aspectratio>scale</aspectratio>
                                <fadetime>400</fadetime>
                                <texture background="true" fallback="DefaultActor.png">$INFO[ListItem.Thumb]</texture>
                                <bordertexture border="8">thumbs/thumbnail_focused.png</bordertexture>
                                <bordersize>8</bordersize>
                            </control>
                            <control type="image">
                                <left>8</left>
                                <top>328</top>
                                <width>281</width>
                                <height>82</height>
                                <texture>black.png</texture>
                                <colordiffuse>88ffffff</colordiffuse>
                            </control>
                            <control type="textbox">
                                <left>14</left>
                                <top>330</top>
                                <width>269</width>
                                <height>75</height>
                                <font>font13</font>
                                <align>center</align>
                                <shadowcolor>black</shadowcolor>
                                <label>$INFO[ListItem.Label]$INFO[ListItem.Property(job), - ,]</label>
                                <autoscroll time="2000" delay="2000" repeat="2000">true</autoscroll>
                            </control>
                        </control>
					</focusedlayout>
                </control>
                <control type="panel" id="850">
                    <description>Genres</description>
                    <visible>false</visible>
                </control>
                <control type="panel" id="950">
                    <description>Keywords</description>
                    <visible>false</visible>
                </control>
                <control type="panel" id="1000">
                    <description>Cast</description>
					<left>-37</left>
					<top>552</top>
					<width>1188</width>
					<height>420</height>
					<onleft>1000</onleft>
					<onright>1000</onright>
					<onup>9000</onup>
                    <ondown>9000</ondown>
					<orientation>horizontal</orientation>
                    <scrolltime tween="quadratic" easing="out">300</scrolltime>
                    <visible>[ControlGroup(9000).HasFocus(5) | ControlGroup(9000).HasFocus(8)] + StringCompare(Control.GetLabel(5),$LOCALIZE[207])</visible>
                    <animation effect="fade" start="0" end="100" time="500" tween="sine" easing="inout">VisibleChange</animation>
					<itemlayout height="420" width="297">
						<control type="image">
							<width>297</width>
                            <height>418</height>
                            <fadetime>400</fadetime>
							<aspectratio>scale</aspectratio>
							<texture background="true" fallback="DefaultActor.png">$INFO[ListItem.Thumb]</texture>
						</control>
                        <control type="image">
                            <top>328</top>
                            <width>297</width>
                            <height>90</height>
                            <texture>black.png</texture>
                            <colordiffuse>88ffffff</colordiffuse>
                        </control>
						<control type="textbox">
                            <left>14</left>
                            <top>330</top>
                            <width>269</width>
                            <height>75</height>
                            <align>center</align>
							<font>font13</font>
                            <shadowcolor>black</shadowcolor>
							<label>$INFO[ListItem.Label]$INFO[ListItem.Property(character), $LOCALIZE[20347] ,]</label>
						</control>
					</itemlayout>
					<focusedlayout height="420" width="297">
                        <control type="group">
                            <animation type="Focus" reversible="false">
                                <effect type="zoom" start="95" end="100" time="300" tween="sine" easing="inout" center="auto" />
                                <effect type="fade" start="80" end="100" time="300" tween="sine" easing="in" />
                            </animation>
                            <control type="image">
                                <width>297</width>
                                <height>418</height>
                                <aspectratio>scale</aspectratio>
                                <fadetime>400</fadetime>
                                <texture background="true" fallback="DefaultActor.png">$INFO[ListItem.Thumb]</texture>
                                <bordertexture border="8">thumbs/thumbnail_focused.png</bordertexture>
                                <bordersize>8</bordersize>
                            </control>
                            <control type="image">
                                <left>8</left>
                                <top>328</top>
                                <width>281</width>
                                <height>82</height>
                                <texture>black.png</texture>
                                <colordiffuse>88ffffff</colordiffuse>
                            </control>
                            <control type="textbox">
                                <left>14</left>
                                <top>330</top>
                                <width>269</width>
                                <height>75</height>
                                <font>font13</font>
                                <align>center</align>
                                <shadowcolor>black</shadowcolor>
                                <label>$INFO[ListItem.Label]$INFO[ListItem.Property(character), $LOCALIZE[20347] ,]</label>
                                <autoscroll time="2000" delay="2000" repeat="2000">true</autoscroll>
                            </control>
                        </control>
					</focusedlayout>
				</control>
                <control type="panel" id="1050">
                    <description>Reviews</description>
                    <visible>false</visible>
                </control>
                <control type="panel" id="1150">
                    <description>Official Videos</description>
                    <left>-37</left>
					<top>552</top>
					<width>1188</width>
					<height>420</height>
					<onleft>1150</onleft>
					<onright>1150</onright>
					<onup>9000</onup>
                    <ondown>9000</ondown>
					<orientation>horizontal</orientation>
                    <preloaditems>2</preloaditems>
                    <scrolltime tween="quadratic" easing="out">300</scrolltime>
                    <visible>IntegerGreaterThan(Container(1150).NumItems,0) + ControlGroup(9000).HasFocus(206)</visible>
                    <animation effect="fade" start="0" end="100" time="500" tween="sine" easing="inout">VisibleChange</animation>
					<itemlayout height="420" width="594">
						<control type="image">
							<width>594</width>
                            <height>418</height>
                            <fadetime>400</fadetime>
							<aspectratio>scale</aspectratio>
							<texture background="true" fallback="DefaultVideoCover.png">$INFO[ListItem.Thumb]</texture>
						</control>
                        <control type="image">
                            <top>328</top>
                            <width>594</width>
                            <height>90</height>
                            <texture>black.png</texture>
                            <colordiffuse>88ffffff</colordiffuse>
                        </control>
						<control type="textbox">
                            <left>10</left>
                            <top>330</top>
                            <width>574</width>
                            <height>75</height>
                            <align>center</align>
							<font>font13</font>
                            <shadowcolor>black</shadowcolor>
							<label>$INFO[ListItem.Property(Type),[B],: [/B]]$INFO[ListItem.Label]</label>
						</control>
					</itemlayout>
					<focusedlayout height="420" width="594">
                        <control type="group">
                            <animation type="Focus" reversible="false">
                                <effect type="zoom" start="95" end="100" time="300" tween="sine" easing="inout" center="auto" />
                                <effect type="fade" start="80" end="100" time="300" tween="sine" easing="in" />
                            </animation>
                            <control type="image">
                                <width>594</width>
                                <height>418</height>
                                <aspectratio>scale</aspectratio>
                                <fadetime>400</fadetime>
                                <texture background="true" fallback="DefaultVideoCover.png">$INFO[ListItem.Thumb]</texture>
                                <bordertexture border="8">thumbs/thumbnail_focused.png</bordertexture>
                                <bordersize>8</bordersize>
                            </control>
                            <control type="image">
                                <left>5</left>
                                <top>328</top>
                                <width>582</width>
                                <height>84</height>
                                <texture>black.png</texture>
                                <colordiffuse>88ffffff</colordiffuse>
                            </control>
                            <control type="textbox">
                                <left>10</left>
                                <top>330</top>
                                <width>574</width>
                                <height>75</height>
                                <font>font13</font>
                                <align>center</align>
                                <shadowcolor>black</shadowcolor>
                                <label>$INFO[ListItem.Property(Type),[B],: [/B]]$INFO[ListItem.Label]</label>
                                <autoscroll time="2000" delay="2000" repeat="2000">true</autoscroll>
                            </control>
                        </control>
					</focusedlayout>
                </control>
                <control type="panel" id="1250">
                    <description>Artwork</description>
                    <left>-37</left>
					<top>552</top>
					<width>1188</width>
					<height>420</height>
					<onleft>1250</onleft>
					<onright>1250</onright>
					<onup>9000</onup>
                    <ondown>9000</ondown>
					<orientation>horizontal</orientation>
                    <preloaditems>2</preloaditems>
                    <scrolltime tween="quadratic" easing="out">300</scrolltime>
                    <visible>IntegerGreaterThan(Container(1250).NumItems,0) + [ControlGroup(9000).HasFocus(204) + StringCompare(Control.GetLabel(204),$LOCALIZE[20445])]</visible>
                    <animation effect="fade" start="0" end="100" time="500" tween="sine" easing="inout">VisibleChange</animation>
					<itemlayout height="420" width="297">
						<control type="image">
							<width>297</width>
                            <height>418</height>
                            <fadetime>400</fadetime>
							<aspectratio>scale</aspectratio>
							<texture background="true" fallback="DefaultPicture.png">$INFO[ListItem.Thumb]</texture>
						</control>
					</itemlayout>
					<focusedlayout height="420" width="297">
                        <control type="group">
                            <animation type="Focus" reversible="false">
                                <effect type="zoom" start="95" end="100" time="300" tween="sine" easing="inout" center="auto" />
                                <effect type="fade" start="80" end="100" time="300" tween="sine" easing="in" />
                            </animation>
                            <control type="image">
                                <width>297</width>
                                <height>418</height>
                                <aspectratio>scale</aspectratio>
                                <fadetime>400</fadetime>
                                <texture background="true" fallback="DefaultPicture.png">$INFO[ListItem.Thumb]</texture>
                                <bordertexture border="8">thumbs/thumbnail_focused.png</bordertexture>
                                <bordersize>8</bordersize>
                            </control>
                        </control>
                    </focusedlayout>
                </control>
                <control type="panel" id="1350">
                    <description>Fanart</description>
                    <left>-37</left>
					<top>552</top>
					<width>1188</width>
					<height>420</height>
					<onleft>1350</onleft>
					<onright>1350</onright>
					<onup>9000</onup>
                    <ondown>9000</ondown>
					<orientation>horizontal</orientation>
                    <preloaditems>2</preloaditems>
                    <scrolltime tween="quadratic" easing="out">300</scrolltime>
                    <visible>IntegerGreaterThan(Container(1350).NumItems,0) + [ControlGroup(9000).HasFocus(204) + StringCompare(Control.GetLabel(204),$LOCALIZE[31016])]</visible>
                    <animation effect="fade" start="0" end="100" time="500" tween="sine" easing="inout">VisibleChange</animation>
					<itemlayout height="420" width="594">
						<control type="image">
							<width>594</width>
                            <height>418</height>
                            <fadetime>400</fadetime>
							<aspectratio>scale</aspectratio>
							<texture background="true" fallback="DefaultPicture.png">$INFO[ListItem.Thumb]</texture>
						</control>
					</itemlayout>
					<focusedlayout height="420" width="594">
                        <control type="group">
                            <animation type="Focus" reversible="false">
                                <effect type="zoom" start="95" end="100" time="300" tween="sine" easing="inout" center="auto" />
                                <effect type="fade" start="80" end="100" time="300" tween="sine" easing="in" />
                            </animation>
                            <control type="image">
                                <width>594</width>
                                <height>418</height>
                                <aspectratio>scale</aspectratio>
                                <fadetime>400</fadetime>
                                <texture background="true" fallback="DefaultPicture.png">$INFO[ListItem.Thumb]</texture>
                                <bordertexture border="8">thumbs/thumbnail_focused.png</bordertexture>
                                <bordersize>8</bordersize>
                            </control>
                        </control>
                    </focusedlayout>
                </control>
                <control type="panel" id="1450">
                    <description>Networks</description>
                    <visible>false</visible>
                </control>
                <control type="panel" id="2000">
                    <description>Episode Index</description>
                    <visible>false</visible>
                </control>
                <!-- Unavailable Fanart/Thumb -->
                <control type="label">
                    <left>-37</left>
                    <top>552</top>
                    <width>1188</width>
                    <height>418</height>
                    <aligny>center</aligny>
                    <align>center</align>
                    <font>font30_title_bold</font>
                    <textcolor>grey</textcolor>
                    <label>161</label>
                    <visible>ControlGroup(9000).HasFocus(204) + [[!IntegerGreaterThan(Container(1350).NumItems,0) + StringCompare(Control.GetLabel(204),$LOCALIZE[31016])] | [!IntegerGreaterThan(Container(1250).NumItems,0) + StringCompare(Control.GetLabel(204),$LOCALIZE[20445])]]</visible>
                    <animation effect="fade" start="0" end="100" time="500" tween="sine" easing="inout">VisibleChange</animation>
                </control>
                <!-- Fanart - Items/Page -->
                <control type="label">
                    <left>840</left>
                    <top>1000</top>
                    <width>300</width>
                    <height>40</height>
                    <font>font13_title</font>
                    <textoffsetx>15</textoffsetx>
                    <textcolor>grey2</textcolor>
                    <align>right</align>
                    <aligny>top</aligny>
                    <label>$INFO[Container(1350).NumItems,, $LOCALIZE[31025]]$INFO[Container(1350).CurrentPage,[COLOR grey3] | ,]$INFO[Container(1350).NumPages,/,[/COLOR]]</label>
                    <visible>IntegerGreaterThan(Container(1350).NumItems,0) + ControlGroup(9000).HasFocus(204) + StringCompare(Control.GetLabel(204),$LOCALIZE[31016])</visible>
                    <animation effect="fade" start="0" end="100" time="500" tween="sine" easing="inout">VisibleChange</animation>
                </control>
                <!-- Thumb - Items/Page -->
                <control type="label">
                    <left>840</left>
                    <top>1000</top>
                    <width>300</width>
                    <height>40</height>
                    <font>font13_title</font>
                    <textoffsetx>15</textoffsetx>
                    <textcolor>grey2</textcolor>
                    <align>right</align>
                    <aligny>top</aligny>
                    <label>$INFO[Container(1250).NumItems,, $LOCALIZE[31025]]$INFO[Container(1250).CurrentPage,[COLOR grey3] | ,]$INFO[Container(1250).NumPages,/,[/COLOR]]</label>
                    <visible>IntegerGreaterThan(Container(1250).NumItems,0) + ControlGroup(9000).HasFocus(204) + StringCompare(Control.GetLabel(204),$LOCALIZE[20445])</visible>
                    <animation effect="fade" start="0" end="100" time="500" tween="sine" easing="inout">VisibleChange</animation>
                </control>
                <!-- Trailers - Items/Page -->
                <control type="label">
                    <left>840</left>
                    <top>1000</top>
                    <width>300</width>
                    <height>40</height>
                    <font>font13_title</font>
                    <textoffsetx>15</textoffsetx>
                    <textcolor>grey2</textcolor>
                    <align>right</align>
                    <aligny>top</aligny>
                    <label>$INFO[Container(1150).NumItems,, $LOCALIZE[31025]]$INFO[Container(1150).CurrentPage,[COLOR grey3] | ,]$INFO[Container(1150).NumPages,/,[/COLOR]]</label>
                    <visible>IntegerGreaterThan(Container(1150).NumItems,0) + ControlGroup(9000).HasFocus(206)</visible>
                    <animation effect="fade" start="0" end="100" time="500" tween="sine" easing="inout">VisibleChange</animation>
                </control>
                <!-- Set - Items/Page -->
                <control type="label">
                    <left>840</left>
                    <top>1000</top>
                    <width>300</width>
                    <height>40</height>
                    <font>font13_title</font>
                    <textoffsetx>15</textoffsetx>
                    <textcolor>grey2</textcolor>
                    <align>right</align>
                    <aligny>top</aligny>
                    <label>$INFO[Container(250).NumItems,, $LOCALIZE[31025]]$INFO[Container(250).CurrentPage,[COLOR grey3] | ,]$INFO[Container(250).NumPages,/,[/COLOR]]</label>
                    <visible>IntegerGreaterThan(Container(250).NumItems,0) + ControlGroup(9000).HasFocus(208)</visible>
                    <animation effect="fade" start="0" end="100" time="500" tween="sine" easing="inout">VisibleChange</animation>
                </control>
                <!-- Crew - Items/Page -->
                <control type="label">
                    <left>840</left>
                    <top>1000</top>
                    <width>300</width>
                    <height>40</height>
                    <font>font13_title</font>
                    <textoffsetx>15</textoffsetx>
                    <textcolor>grey2</textcolor>
                    <align>right</align>
                    <aligny>top</aligny>
                    <label>$INFO[Container(750).NumItems,, $LOCALIZE[31025]]$INFO[Container(750).CurrentPage,[COLOR grey3] | ,]$INFO[Container(750).NumPages,/,[/COLOR]]</label>
                    <visible>IntegerGreaterThan(Container(750).NumItems,0) + ControlGroup(9000).HasFocus(210)</visible>
                    <animation effect="fade" start="0" end="100" time="500" tween="sine" easing="inout">VisibleChange</animation>
                </control>
                <!-- Set Title -->
                <control type="label">
                    <left>0</left>
                    <top>1000</top>
                    <width>800</width>
                    <height>40</height>
                    <font>font13_title</font>
                    <textcolor>grey2</textcolor>
                    <align>left</align>
                    <aligny>top</aligny>
                    <label>$INFO[Window.Property(movie.Set)]</label>
                    <visible>IntegerGreaterThan(Container(250).NumItems,0) + ControlGroup(9000).HasFocus(208)</visible>
                    <animation effect="fade" start="0" end="100" time="500" tween="sine" easing="inout">VisibleChange</animation>
                </control>
			</control>
			<control type="group">
				<left>3</left>
				<top>0</top>
                <control type="image">
					<top>450</top>
					<width>594</width>
					<height>60</height>
					<texture border="1">separator2.png</texture>
					<visible>!IntegerGreaterThan(Container(300).NumItems,2)</visible>
				</control>
				<control type="image">
					<left>594</left>
					<top>450</top>
					<width>594</width>
					<height>60</height>
					<texture border="1">separator2.png</texture>
					<visible>!IntegerGreaterThan(Container(300).NumItems,5)</visible>
				</control>
				<control type="grouplist" id="9000">
					<left>1</left>
					<top>510</top>
					<width>1188</width>
					<height>60</height>
					<itemgap>0</itemgap>
					<onleft>9000</onleft>
					<onright>9000</onright>
					<onup>300</onup>
					<align>left</align>
					<ondown condition="Control.IsVisible(800)">60</ondown>
                    <ondown condition="Control.IsVisible(250)">250</ondown>
                    <ondown condition="Control.IsVisible(750)">750</ondown>
                    <ondown condition="Control.IsVisible(1000)">1000</ondown>
                    <ondown condition="Control.IsVisible(1150)">1150</ondown>
                    <ondown condition="Control.IsVisible(1250)">1250</ondown>
                    <ondown condition="Control.IsVisible(1350)">1350</ondown>
					<orientation>horizontal</orientation>
					<control type="button" id="8">
						<description>Play</description>
						<height>60</height>
                        <width>236</width>
                        <textoffsetx>0</textoffsetx>
                        <align>center</align>
                        <aligny>center</aligny>
                        <font>font15</font>
                        <textcolor>grey</textcolor>
                        <focusedcolor>white</focusedcolor>
						<label>208</label>
                        <enable>!IsEmpty(Window.Property(movie.DBID))</enable>
					</control>
					<control type="image" id="200">
						<width>2</width>
						<height>58</height>
						<texture border="1">separator3.png</texture>
					</control>
					<control type="togglebutton" id="5">
						<description>Cast/Plot</description>
                        <height>60</height>
                        <width>236</width>
                        <textoffsetx>0</textoffsetx>
                        <align>center</align>
                        <aligny>center</aligny>
                        <font>font15</font>
                        <textcolor>grey</textcolor>
                        <focusedcolor>white</focusedcolor>
                        <label>206</label>
						<altlabel>207</altlabel>
					</control>
					<control type="image" id="201">
						<width>2</width>
						<height>58</height>
						<texture border="1">separator3.png</texture>
					</control>
					<control type="togglebutton" id="204">
						<description>Thumb/Fanart</description>
						<height>60</height>
                        <width>236</width>
                        <textoffsetx>0</textoffsetx>
                        <align>center</align>
                        <aligny>center</aligny>
                        <font>font15</font>
                        <textcolor>grey</textcolor>
                        <focusedcolor>white</focusedcolor>
						<label>20445</label>
                        <altlabel>31016</altlabel>
                        <enable>IntegerGreaterThan(Container(1250).NumItems,0) | IntegerGreaterThan(Container(1350).NumItems,0)</enable>
					</control>
                    <control type="image" id="205">
						<width>2</width>
						<height>58</height>
						<texture border="1">separator3.png</texture>
					</control>
                    <control type="button" id="206">
						<description>Trailer</description>
						<height>60</height>
                        <width>236</width>
                        <textoffsetx>0</textoffsetx>
                        <align>center</align>
                        <aligny>center</aligny>
                        <font>font15</font>
                        <textcolor>grey</textcolor>
                        <focusedcolor>white</focusedcolor>
						<label>20410</label>
						<enable>IntegerGreaterThan(Container(1150).NumItems,0)</enable>
					</control>
                    <control type="image" id="207">
						<width>2</width>
						<height>58</height>
						<texture border="1">separator3.png</texture>
					</control>
					<control type="button" id="208">
						<description>Set</description>
						<height>60</height>
                        <width>236</width>
                        <textoffsetx>0</textoffsetx>
                        <align>center</align>
                        <aligny>center</aligny>
                        <font>font15</font>
                        <textcolor>grey</textcolor>
                        <focusedcolor>white</focusedcolor>
						<label>20141</label>
                        <enable>IntegerGreaterThan(Container(250).NumItems,0)</enable>
					</control>
                    <control type="image" id="209">
						<width>2</width>
						<height>58</height>
						<texture border="1">separator3.png</texture>
					</control>
					<control type="button" id="210">
						<description>Crew</description>
						<height>60</height>
                        <width>236</width>
                        <textoffsetx>0</textoffsetx>
                        <align>center</align>
                        <aligny>center</aligny>
                        <font>font15</font>
                        <textcolor>grey</textcolor>
                        <focusedcolor>white</focusedcolor>
						<label>$ADDON[script.extendedinfo 32115]</label>
                        <enable>IntegerGreaterThan(Container(750).NumItems,0)</enable>
					</control>
				</control>
			</control>
		</control>
	</controls>
</window>