<?xml version="1.0" encoding="UTF-8" standalone="yes"?>
<addon id="plugin.program.GenieWiz" name="GENIE WIZ" version="0.0.2" provider-name="GenieTv">
  <requires>
    <import addon="xbmc.python" version="2.1.0"/>
  </requires>
  <extension point="xbmc.python.pluginsource" library="default.py">
    <provides>executable</provides>
  </extension>
  <extension point="xbmc.service" library="startup.py" start="startup" />
  <extension point="xbmc.addon.metadata">
    <summary lang="en">GENIE WIZ</summary>
    <description lang="en">GENIE WIZ allows you to get access to the latest GenieTv Custom Builds.</description>
    <platform>all</platform>
  </extension>
</addon>