<?xml version="1.0" encoding="utf-8"?>
<includes>
	<include name="ShiftPosterThumbs">
		<control type="image">
			<left>-12</left>
			<top>130</top>
			<width>340</width>
			<height>490</height>
			<aspectratio scalediffuse="false">scale</aspectratio>
			<texture background="true">$VAR[PosterThumbVar]</texture>
			<bordertexture border="20">thumbs/thumb_shadow.png</bordertexture>
			<bordersize>20</bordersize>
		</control>
		<control type="image">
			<left>8</left>
			<top>601</top>
			<width>300</width>
			<height>450</height>
			<aspectratio aligny="top" scalediffuse="false">scale</aspectratio>
			<texture background="true" flipy="true" diffuse="thumbs/thumb_diffuse.png">$VAR[PosterThumbVar]</texture>
			<animation effect="fade" start="100" end="30" time="400">Focus</animation>
			<animation effect="fade" start="30" end="100" time="400">UnFocus</animation>
		</control>
		<control type="image">
			<left>-5</left>
			<top>160</top>
			<width>85</width>
			<height>90</height>
			<aspectratio>keep</aspectratio>
			<texture background="true">oscars.png</texture>
			<visible>Skin.HasSetting(oscars57) + [SubString(ListItem.FileName,.oscars) | StringCompare(Container.FolderPath,special://profile/playlists/video/BestPicture.xsp)]</visible> 
		</control>
		<control type="image">
			<left>222</left>
			<top>149</top>
			<width>100</width>
			<height>100</height>
			<texture>$VAR[OverlayVar]</texture>
			<aspectratio align="center" aligny="top">keep</aspectratio>
			<bordersize>1</bordersize>
		</control>
		<control type="group">
			<left>32</left>
			<top>170</top>
			<include condition="Skin.HasSetting(Disable.UnwatchedIcon)">UnwatchedIcon</include>
		</control>
	</include>
	<include name="ShiftPosterThumbsSmall">
		<control type="image">
			<left>113</left>
			<top>345</top>
			<width>200</width>
			<height>275</height>
			<aspectratio scalediffuse="false">scale</aspectratio>
			<texture background="true">$VAR[PosterThumbVar]</texture>
			<bordertexture border="20">thumbs/thumb_shadow.png</bordertexture>
			<bordersize>20</bordersize>
		</control>
		<control type="image">
			<left>133</left>
			<top>601</top>
			<width>160</width>
			<height>225</height>
			<aspectratio aligny="top" scalediffuse="false">scale</aspectratio>
			<texture background="true" flipy="true" diffuse="thumbs/thumb_diffuse.png">$VAR[PosterThumbVar]</texture>
			<animation effect="fade" start="100" end="30" time="200">Focus</animation>
			<animation effect="fade" start="30" end="100" time="200">UnFocus</animation>
		</control>
		<control type="image">
			<left>105</left>
			<top>370</top>
			<width>85</width>
			<height>60</height>
			<aspectratio>keep</aspectratio>
			<texture background="true">oscars.png</texture>
			<visible>Skin.HasSetting(oscars57small) + [SubString(ListItem.FileName,.oscars) | StringCompare(Container.FolderPath,special://profile/playlists/video/BestPicture.xsp)]</visible> 
		</control>
		<control type="image">
			<left>250</left>
			<top>364</top>
			<width>50</width>
			<height>50</height>
			<texture>$VAR[OverlayVar]</texture>
			<aspectratio align="center" aligny="top">keep</aspectratio>
			<bordersize>1</bordersize>
		</control>
		<control type="group">
			<left>135</left>
			<top>368</top>
			<include condition="Skin.HasSetting(Disable.UnwatchedIcon)">UnwatchedIcon</include>
		</control>
	</include>
	<include name="ShiftSquareThumbs">
		<control type="image">
			<left>-12</left>
			<top>280</top>
			<width>340</width>
			<height>340</height>
			<aspectratio scalediffuse="false">scale</aspectratio>
			<texture background="true">$INFO[ListItem.Icon]</texture>
			<bordertexture border="20">thumbs/thumb_shadow.png</bordertexture>
			<bordersize>20</bordersize>
		</control>
		<control type="image">
			<left>8</left>
			<top>600</top>
			<width>300</width>
			<height>300</height>
			<aspectratio aligny="top" scalediffuse="false">scale</aspectratio>
			<texture background="true" flipy="true" diffuse="thumbs/thumb_diffuse.png">$INFO[ListItem.Icon]</texture>
			<animation effect="fade" start="100" end="30" time="400">Focus</animation>
			<animation effect="fade" start="30" end="100" time="400">UnFocus</animation>
		</control>
		<control type="image">
			<left>200</left>
			<top>149</top>
			<width>100</width>
			<height>100</height>
			<texture>$VAR[OverlayVar]</texture>
			<aspectratio align="center" aligny="top">keep</aspectratio>
			<bordersize>1</bordersize>
		</control>
	</include>
	<include name="ShiftThumbsSmall">
        <control type="group">
            <animation effect="zoom" center="230,500" start="100" end="140" time="200" tween="quadratic">Focus</animation>
            <animation effect="zoom" center="230,500" start="140" end="100" time="200" tween="quadratic">Unfocus</animation>
            <include>ShiftPosterThumbsSmall</include>
        </control>
    </include>
	<include name="PosterShift">
		<control type="group">
			<include>ViewAnimation</include>
			<visible>Control.IsVisible(57) + !Window.IsActive(addoninformation)</visible>
			<control type="fixedlist" id="57">
				<left>-120</left>
				<top>300</top>
				<width>2100</width>
				<height>750</height>
				<onup>SetProperty(MediaMenu,True,home)</onup>
				<onup>SetFocus(9050)</onup>
				<onleft>57</onleft>
				<onright>57</onright>
				<ondown>75</ondown>
				<orientation>horizontal</orientation>
				<viewtype label="31079">BigWrap</viewtype>
				<pagecontrol>75</pagecontrol>
				<preloaditems>2</preloaditems>
				<scrolltime tween="quadratic">400</scrolltime>
				<focusposition>1</focusposition>
				<visible>Container.Content(movies) | Container.Content(tvshows) | Container.Content(musicvideos) | Container.Content(seasons) | Container.Content(genres) | Container.Content(sets) | Container.Content(addons)</visible>
				<itemlayout width="315" height="750" condition="!Skin.HasSetting(smallshiftview) + !Container.Content(addons)">
					<include>ShiftPosterThumbs</include>
				</itemlayout>
				<focusedlayout width="315" height="750" condition="!Skin.HasSetting(smallshiftview) + !Container.Content(addons)">
					<control type="image">
						<left>-26</left>
						<top>125</top>
						<width>370</width>
						<height>380</height>
						<aligny>bottom</aligny>
						<aspectratio>keep</aspectratio>
						<fadetime>300</fadetime>
						<texture background="true">$INFO[ListItem.Art(discart)]</texture>
						<animation effect="slide" delay="1200" start="0,100" end="0,-260" time="400" tween="quadratic">Focus</animation>
						<animation type="UnFocus" reversible="false">
							<effect type="slide" start="0,-260" end=",50" time="200" tween="quadratic" />
						</animation>
						<animation effect="zoom" start="100" end="70" center="auto" time="200" condition="!Control.HasFocus(57)">Conditional</animation>
						<!--
						<animation type="Conditional" reversible="false" condition="true" loop="true">
							<effect type="rotate" start="0" end="-360" delay="3500" time="3500" tween="quadratic" easing="out" center="auto" loop="true" reversible="false" />
						</animation>
						-->
						<visible>Skin.HasSetting(discshift)</visible>
						<bordersize>7</bordersize>
					</control>
					<control type="group">
						<animation effect="zoom" center="auto" start="100" end="130" time="400" tween="quadratic" reversible="false">Focus</animation>
						<animation effect="zoom" center="auto" start="130" end="100" time="400" tween="quadratic" reversible="false">Unfocus</animation>
						<include>ShiftPosterThumbs</include>
					</control>
				</focusedlayout>
				<itemlayout width="185" height="500" condition="Skin.HasSetting(smallshiftview) + !Container.Content(addons)">
                    <include>ShiftThumbsSmall</include>
                </itemlayout>
                <focusedlayout width="185" height="500" condition="Skin.HasSetting(smallshiftview) + !Container.Content(addons)">
					<include>ShiftThumbsSmall</include>
                </focusedlayout>
				<itemlayout width="315" height="750" condition="Container.Content(addons)">
					<include>ShiftSquareThumbs</include>
				</itemlayout>
				<focusedlayout width="315" height="750" condition="Container.Content(addons)">
					<control type="group">
						<animation effect="zoom" center="150,450" start="100" end="130" time="400" tween="quadratic" reversible="false">Focus</animation>
						<animation effect="zoom" center="150,450" start="130" end="100" time="400" tween="quadratic" reversible="false">Unfocus</animation>
						<include>ShiftSquareThumbs</include>
					</control>
				</focusedlayout>
			</control>
			<control type="scrollbar" id="75">
				<left>0</left>
				<top>960</top>
				<width>1920</width>
				<height>12</height>
				<onup>57</onup>
				<ondown>noop</ondown>
				<texturesliderbackground border="1">-</texturesliderbackground>
				<texturesliderbar border="6,0,6,0">scrollbar/texturesliderbar_hor.png</texturesliderbar>
				<texturesliderbarfocus border="6,0,6,0">scrollbar/texturesliderbarfocus_hor.png</texturesliderbarfocus>
				<textureslidernib>-</textureslidernib>
				<textureslidernibfocus>-</textureslidernibfocus>
				<showonepage>false</showonepage>
				<orientation>horizontal</orientation>
				<animation effect="fade" start="100" end="0" time="500" delay="500" condition="!Control.HasFocus(75) + !Container.Scrolling">Conditional</animation>
			</control>
		</control>
	</include>
	<include name="AlbumShift">
		<control type="group">
			<include>ViewAnimation</include>
			<visible>Control.IsVisible(57) + !Window.IsActive(addoninformation)</visible>
			<control type="fixedlist" id="57">
				<left>-120</left>
				<top>300</top>
				<width>2100</width>
				<height>750</height>
				<onup>SetProperty(MediaMenu,True,home)</onup>
				<onup>SetFocus(9050)</onup>
				<onleft>57</onleft>
				<onright>57</onright>
				<ondown>61</ondown>
				<orientation>horizontal</orientation>
				<viewtype label="31079">BigWrap</viewtype>
				<pagecontrol>61</pagecontrol>
				<scrolltime tween="quadratic">400</scrolltime>
				<focusposition>1</focusposition>
				<visible>Container.Content(addons) | Container.Content(songs) | Container.Content(artists) | Container.Content(albums) | Container.Content(genres)</visible>
				<itemlayout width="315" height="750">
					<include>ShiftSquareThumbs</include>
				</itemlayout>
				<focusedlayout width="315" height="750">
					<control type="image">
						<left>-35</left>
						<top>340</top>
						<width>390</width>
						<height>400</height>
						<aspectratio>keep</aspectratio>
						<texture background="true">$INFO[ListItem.Art(discart)]</texture>
						<animation effect="slide" delay="1600" end="0,-260" time="320" tween="quadratic">Focus</animation>
						<animation effect="slide" start="0,-260" end="0" time="400" tween="quadratic" easing="in">Unfocus</animation>
						<animation effect="zoom" start="100" end="70" center="auto" time="400" condition="!Control.HasFocus(57)">Conditional</animation>
						<visible>!IsEmpty(ListItem.Art(discart))</visible>
						<bordersize>7</bordersize>
					</control>
					<control type="group">
						<animation effect="zoom" center="150,450" start="100" end="130" time="400" tween="quadratic" reversible="false">Focus</animation>
						<animation effect="zoom" center="150,450" start="130" end="100" time="400" tween="quadratic" reversible="false">Unfocus</animation>
						<include>ShiftSquareThumbs</include>
					</control>
				</focusedlayout>
			</control>
			<control type="scrollbar" id="61">
				<left>0</left>
				<top>970</top>
				<width>1920</width>
				<height>12</height>
				<onup>57</onup>
				<ondown>noop</ondown>
				<texturesliderbackground border="1">-</texturesliderbackground>
				<texturesliderbar border="6,0,6,0">scrollbar/texturesliderbar_hor.png</texturesliderbar>
				<texturesliderbarfocus border="6,0,6,0">scrollbar/texturesliderbarfocus_hor.png</texturesliderbarfocus>
				<textureslidernib>-</textureslidernib>
				<textureslidernibfocus>-</textureslidernibfocus>
				<showonepage>false</showonepage>
				<orientation>horizontal</orientation>
				<animation effect="fade" start="100" end="0" time="500" delay="500" condition="!Control.HasFocus(61) + !Container.Scrolling">Conditional</animation>
			</control>
		</control>
	</include>
</includes>