<?xml version="1.0" encoding="UTF-8"?>
<includes>
	<!-- Wall -->
	<include name="View_503_Wall">
		<control type="group">
			<visible>Control.IsVisible(503)</visible>
			<include>ViewAnimation</include>

			<control type="panel" id="503">
				<left>0</left>
				<width>1920</width>
				<height>1080</height>
				<onleft>SetProperty(MediaMenu,True,home)</onleft>
				<onleft>SetFocus(9050)</onleft>
				<onright>60</onright>
				<onup>503</onup>
				<ondown>503</ondown>
				<orientation>vertical</orientation>
				<viewtype label="Wall">icon</viewtype>
				<pagecontrol>60</pagecontrol>
				<preloaditems>2</preloaditems>
				<scrolltime tween="quadratic">400</scrolltime>
				<focusposition>1</focusposition>
				<visible>Container.Content(movies) | Container.Content(tvshows) | Container.Content(seasons) | Container.Content(albums) | Container.Content(addons)</visible>
				<itemlayout width="320" height="460" condition="![Container.Content(albums) | Container.Content(addons)]">
					<control type="group">
						<top>80</top>
						<control type="image">
							<left>0</left>
							<width>320</width>
							<height>460</height>
							<aspectratio scalediffuse="false">scale</aspectratio>
							<texture background="true">$VAR[PosterThumbVar]</texture>
							<bordertexture border="20">thumbs/thumb_shadow.png</bordertexture>
							<fadetime>400</fadetime>
							<bordersize>20</bordersize>
						</control>
						<control type="image">
							<left>0</left>
							<top>25</top>
							<width>85</width>
							<height>80</height>
							<aspectratio>keep</aspectratio>
							<texture background="true">oscars.png</texture>
							<visible>Skin.HasSetting(oscars503) + [SubString(ListItem.FileName,.oscars) | StringCompare(Container.FolderPath,special://profile/playlists/video/BestPicture.xsp)]</visible> 
						</control>
						<control type="image">
							<left>214</left>
							<top>19</top>
							<width>100</width>
							<height>100</height>
							<texture>$VAR[OverlayVar]</texture>
							<aspectratio align="center" aligny="top">keep</aspectratio>
							<bordersize>1</bordersize>
						</control>
						<control type="group">
							<left>30</left>
							<top>45</top>
							<include condition="Skin.HasSetting(Disable.UnwatchedIcon)">UnwatchedIcon</include>
						</control>
						<control type="image">
							<left>0</left>
							<width>320</width>
							<height>460</height>
							<texture border="1" colordiffuse="66FFFFFF">black.png</texture>
							<bordersize>20</bordersize>
						</control>
					</control>
				</itemlayout>
				<focusedlayout width="320" height="460" condition="![Container.Content(albums) | Container.Content(addons)]">
					<control type="group">
						<top>80</top>
						<control type="image">
							<left>0</left>
							<width>320</width>
							<height>460</height>
							<aspectratio scalediffuse="false">scale</aspectratio>
							<texture background="true">$VAR[PosterThumbVar]</texture>
							<bordertexture border="20">thumbs/thumb_shadow.png</bordertexture>
							<fadetime>400</fadetime>
							<bordersize>20</bordersize>
						</control>
						<control type="image">
							<left>0</left>
							<top>25</top>
							<width>85</width>
							<height>80</height>
							<aspectratio>keep</aspectratio>
							<texture background="true">oscars.png</texture>
							<visible>Skin.HasSetting(oscars503) + [SubString(ListItem.FileName,.oscars) | StringCompare(Container.FolderPath,special://profile/playlists/video/BestPicture.xsp)]</visible> 
						</control>
						<control type="image">
							<top>4</top>
							<left>4</left>
							<width>312</width>
							<height>452</height>
							<texture border="10">thumbs/thumbnail_focused.png</texture>
							<bordersize>8</bordersize>
							<animation effect="fade" start="100" end="0" time="200" reversible="false">UnFocus</animation>
							<animation effect="fade" start="0" end="100" time="200" reversible="false">Focus</animation>
						</control>
						<control type="image">
							<left>214</left>
							<top>19</top>
							<width>100</width>
							<height>100</height>
							<texture>$VAR[OverlayVar]</texture>
							<aspectratio align="center" aligny="top">keep</aspectratio>
							<bordersize>1</bordersize>
						</control>
						<control type="group">
							<left>30</left>
							<top>45</top>
							<include condition="Skin.HasSetting(Disable.UnwatchedIcon)">UnwatchedIcon</include>
						</control>
						<control type="image">
							<left>0</left>
							<width>320</width>
							<height>460</height>
							<texture border="1" colordiffuse="66FFFFFF">black.png</texture>
							<animation effect="fade" start="100" end="0" time="200" reversible="false">Focus</animation>
							<animation effect="fade" start="0" end="100" time="200" reversible="false">UnFocus</animation>
							<bordersize>20</bordersize>
						</control>
					</control>
				</focusedlayout>
				<itemlayout width="320" height="320" condition="[Container.Content(albums) | Container.Content(addons)]">
					<control type="group">
						<top>60</top>
						<control type="image">
							<left>0</left>
							<width>320</width>
							<height>320</height>
							<aspectratio scalediffuse="false">scale</aspectratio>
							<texture background="true">$VAR[PosterThumbVar]</texture>
							<bordertexture border="20">thumbs/thumb_shadow.png</bordertexture>
							<fadetime>400</fadetime>
							<bordersize>20</bordersize>
						</control>
						<control type="image">
							<left>200</left>
							<top>19</top>
							<width>100</width>
							<height>100</height>
							<texture>overlays/addons/enabled.png</texture>
							<aspectratio align="center" aligny="top">keep</aspectratio>
							<visible>StringCompare(ListItem.Label2,$LOCALIZE[449])</visible>
							<bordersize>1</bordersize>
						</control>
						<control type="image">
							<left>0</left>
							<width>320</width>
							<height>320</height>
							<texture border="1" colordiffuse="66FFFFFF">black.png</texture>
							<bordersize>20</bordersize>
						</control>
					</control>
				</itemlayout>
				<focusedlayout width="320" height="320" condition="[Container.Content(albums) | Container.Content(addons)]">
					<control type="group">
						<top>60</top>
						<control type="image">
							<left>0</left>
							<width>320</width>
							<height>320</height>
							<aspectratio scalediffuse="false">scale</aspectratio>
							<texture background="true">$VAR[PosterThumbVar]</texture>
							<bordertexture border="20">thumbs/thumb_shadow.png</bordertexture>
							<fadetime>400</fadetime>
							<bordersize>20</bordersize>
						</control>
						<control type="image">
							<top>4</top>
							<left>4</left>
							<width>312</width>
							<height>312</height>
							<texture border="10">thumbs/thumbnail_focused.png</texture>
							<bordersize>8</bordersize>
							<animation effect="fade" start="100" end="0" time="150" reversible="false">UnFocus</animation>
							<animation effect="fade" start="0" end="100" time="150" reversible="false">Focus</animation>
						</control>
						<control type="image">
							<left>200</left>
							<top>19</top>
							<width>100</width>
							<height>100</height>
							<texture>overlays/addons/enabled.png</texture>
							<aspectratio align="center" aligny="top">keep</aspectratio>
							<visible>StringCompare(ListItem.Label2,$LOCALIZE[449])</visible>
							<bordersize>1</bordersize>
						</control>
						<control type="image">
							<left>0</left>
							<width>320</width>
							<height>320</height>
							<texture border="1" colordiffuse="66FFFFFF">black.png</texture>
							<animation effect="fade" start="100" end="0" time="150" reversible="false">Focus</animation>
							<animation effect="fade" start="0" end="100" time="150" reversible="false">UnFocus</animation>
							<bordersize>20</bordersize>
						</control>
					</control>
				</focusedlayout>
			</control>

			<control type="scrollbar" id="60">
				<left>1906</left>
				<top>100</top>
				<width>14</width>
				<height>900</height>
				<onup>60</onup>
				<ondown>60</ondown>
				<onleft>502</onleft>
				<onright>SetProperty(MediaMenu,True,home)</onright>
				<onright>SetFocus(9050)</onright>
				<texturesliderbackground>-</texturesliderbackground>
				<texturesliderbar colordiffuse="55ffffff" border="1">scrollbar/texturesliderbar2.png</texturesliderbar>
				<texturesliderbarfocus border="1">scrollbar/texturesliderbar2.png</texturesliderbarfocus>
				<showonepage>false</showonepage>
				<orientation>vertical</orientation>
			</control>
			<control type="image">
				<top>795</top>
				<width>1920</width>
				<height>300</height>
				<texture border="1">logo_back.png</texture>
				<visible>[Skin.HasSetting(wallfloorlabels) + [Container.Content(movies) | Container.Content(tvshows) | Container.Content(seasons) | Container.Content(episodes)]] | [Skin.HasSetting(wallfloorlabelsalbums) + Container.Content(albums)]</visible>
			</control>
			<control type="group">
				<visible>[Skin.HasSetting(wallfloorlabels) + [Container.Content(movies) | Container.Content(tvshows) | Container.Content(seasons) | Container.Content(episodes)]]</visible>
				<control type="label">
					<left>300</left>
					<top>980</top>
					<width>1320</width>
					<height>60</height>
					<align>center</align>
					<font>font16_title_bold</font>
					<textcolor>grey</textcolor>
					<label>$VAR[FloorLabelVar]</label>
					<textoffsetx>30</textoffsetx>
				</control>
				<control type="label">
					<left>300</left>
					<top>1035</top>
					<width>1320</width>
					<height>30</height>
					<align>center</align>
					<font>font13_title</font>
					<textcolor>grey</textcolor>
					<label>[B]$VAR[FloorSubLabelVar][/B]</label>
					<textoffsetx>30</textoffsetx>
					<visible>![SubString(ListItem.Path,videodb://movies/sets) + !Stringcompare(ListItem.Label,..)]</visible>
				</control>
			</control>
			<control type="group">
				<visible>Skin.HasSetting(wallfloorlabelsalbums) + Container.Content(albums)</visible>
				<control type="group">
					<left>410</left>
					<top>980</top>
					<control type="label">
						<left>0</left>
						<top>0</top>
						<width>1100</width>
						<height>42</height>
						<aligny>top</aligny>
						<align>center</align>
						<font>font16_title_bold</font>
						<textcolor>grey</textcolor>
						<scroll>true</scroll>
						<label>$INFO[ListItem.Label]</label>
						<textoffsety>-2</textoffsety>
						<textoffsetx>30</textoffsetx>
					</control>
					<control type="label">
						<left>0</left>
						<top>45</top>
						<width>1100</width>
						<height>30</height>
						<align>center</align>
						<font>font13_title</font>
						<textcolor>grey</textcolor>
						<label>$VAR[FloorLabel2Var]</label>
						<textoffsetx>30</textoffsetx>
					</control>
				</control>
				<control type="group">
					<left>0</left>
					<top>990</top>
					<width>1920</width>
					<align>center</align>
					<control type="group">
						<left>120</left>
						<control type="label">
							<left>-10</left>
							<width>155</width>
							<height>90</height>
							<align>center</align>
							<label>[B]$INFO[ListItem.Year][/B]</label>
							<font>font35_title</font>
							<textcolor>grey</textcolor>
							<wrapmultiline>true</wrapmultiline>
						</control>
					</control>
					<control type="image">
						<colordiffuse>grey</colordiffuse>
						<left>1600</left>
						<width>200</width>
						<fadetime>50</fadetime>
						<include>MediaFlagVars</include>
						<texture fallback="rating0.png">$INFO[ListItem.StarRating]</texture>
					</control>
				</control>
			</control>
			<control type="group">
				<top>990</top>
				<width>1920</width>
				<align>center</align>
				<visible>Skin.HasSetting(wallfloorlabels) + ![Container.Content(albums) | Container.Content(addons)]</visible>
				<control type="group">
					<left>100</left>
					<control type="image" id="900021">
						<colordiffuse>grey</colordiffuse>
						<include>MediaFlagVars</include>
						<bordersize>2</bordersize>
						<texture>$VAR[PathFlagsStudios]</texture>
					</control>
					<control type="label">
						<left>-10</left>
						<width>155</width>
						<height>90</height>
						<align>center</align>
						<label>$INFO[ListItem.Studio]</label>
						<font>font10</font>
						<textcolor>grey</textcolor>
						<wrapmultiline>true</wrapmultiline>
						<visible>IsEmpty(Control.GetLabel(900021))</visible>
					</control>
					<control type="image">
						<left>1590</left>
						<colordiffuse>grey</colordiffuse>
						<include>MediaFlagVars</include>
						<texture fallback="flags/mpaa/NR.png">$VAR[RatingFlagVar]</texture>
						<visible>![SubString(ListItem.Path,videodb://movies/sets) + !Stringcompare(ListItem.Label,..)] + !IsEmpty(ListItem.Title) + !Skin.HasSetting(coloredflags)</visible>
					</control>
					<control type="image">
						<left>1625</left>
						<colordiffuse>grey</colordiffuse>
						<aspectratio scalediffuse="false">center</aspectratio>
						<include>MediaFlagVars</include>
						<texture fallback="flags/mpaa/NR.png">$VAR[ColoredRatingFlagVar]</texture>
						<visible>![SubString(ListItem.Path,videodb://movies/sets) + !Stringcompare(ListItem.Label,..)] + !IsEmpty(ListItem.Title) + Skin.HasSetting(coloredflags)</visible>
					</control>
				</control>
			</control>
		</control>
	</include>
	<!--
	<include name="UpDownShadow">
		<control type="group">
			<visible>Control.IsVisible(503)</visible>
			<animation effect="fade" time="300">WindowOpen</animation>
			<animation effect="fade" time="300">WindowClose</animation>
			<control type="image">
				<left>0</left>
				<top>0</top>
				<width>1920</width>
				<height>120</height>
				<texture border="1">bottom_shadow.png</texture>
			</control>
			<control type="image">
				<left>0</left>
				<top>960</top>
				<width>1920</width>
				<height>120</height>
				<texture border="1" flipy="true">bottom_shadow.png</texture>
			</control>
		</control>
	</include>
	-->
</includes>