<?xml version="1.0" encoding="UTF-8"?>
<window>
    <defaultcontrol always="true">11</defaultcontrol>
    <coordinates>
        <system>1</system>
        <left>0</left>
        <top>0</top>
    </coordinates>
	<animation condition="!Skin.HasSetting(alternatetvosd)" effect="slide" start="-1000,0" end="0,0" time="800" tween="back" easing="out">WindowOpen</animation>
	<animation condition="!Skin.HasSetting(alternatetvosd)" effect="slide" start="0,0" end="-1000,0" time="800" tween="back" easing="in">WindowClose</animation>
	<animation condition="Skin.HasSetting(alternatetvosd)" effect="slide" start="0,1000" end="0,0" time="800" easing="out" tween="back">WindowOpen</animation>
	<animation condition="Skin.HasSetting(alternatetvosd)" effect="slide" start="0,0" end="0,1000" time="800" easing="in" tween="back">WindowClose</animation>
	<include>dialogeffect</include>
	<controls>
        <control type="group"> <!-- Standard big channels OSD -->
			<visible>!Window.IsActive(fullscreeninfo) + !Skin.HasSetting(alternatetvosd)</visible>
            <include condition="!Skin.HasSetting(alternatetvosd) + VideoPlayer.Content(LiveTV)">ChannelOSDStandard</include>
        </control>
		
		<control type="group"> <!-- Extended channels OSD -->
			<visible>!Window.IsActive(fullscreeninfo) + Skin.HasSetting(alternatetvosd)</visible>
            <include condition="Skin.HasSetting(alternatetvosd) + VideoPlayer.Content(LiveTV)">ChannelOSDExtended</include>
        </control>
    </controls>
</window>