<?xml version="1.0" encoding="UTF-8"?>
<window>
    <defaultcontrol always="true">500</defaultcontrol>
    <controls>
        <control type="image">
            <animation effect="fade" time="300">WindowOpen</animation>
			<animation effect="fade" time="300">WindowClose</animation>
            <texture background="true" fallback="black.png">$INFO[Container(500).ListItem.Art(fanart)]</texture>
            <width>1920</width>
            <height>1080</height>
            <aspectratio aligny="top">scale</aspectratio>  
            <fadetime>300</fadetime>
        </control>
        <control type="group">
            <animation effect="slide" tween="cubic" time="720" start="0,1080" end="0,0">WindowOpen</animation>
            <animation effect="slide" tween="cubic" time="720" start="0,0" end="0,1080">WindowClose</animation>                        
            <control type="image">
                <left>0</left>
                <top>-40</top>
                <width>696</width>
                <height>914</height>
                <texture border="1">vignette.png</texture>
                <animation effect="slide" tween="cubic" time="720" start="-696" end="0,0">VisibleChange</animation>
            </control>
            <control type="image">
                <left>696r</left>
                <top>-40</top>
                <width>696</width>
                <height>914</height>
                <texture flipx="true" border="1">vignette.png</texture>
                <animation effect="slide" tween="cubic" time="720" start="696" end="0,0">VisibleChange</animation>
            </control>
			<control type="image">
				<left>0</left>
				<top>400</top>
				<width>1920</width>
				<height>680</height>
				<texture>floor.png</texture>
			</control>
            <control type="image">
                <description>background image</description>
                <left>90</left>
                <top>148</top>
                <width>1740</width>
                <height>784</height>
                <texture border="40">listpanel_back.png</texture>
            </control>
            <control type="panel" id="500">
                <left>120</left>
				<top>179</top>
				<width>1680</width>
				<height>720</height>
                <preloaditems>2</preloaditems>
                <scrolltime tween="quadratic">300</scrolltime>
                <onleft>9000</onleft>
                <onright>500</onright>
                <onup>700</onup>
                <ondown>600</ondown>
                <orientation>vertical</orientation>
                <itemlayout height="360" width="240">
                    <control type="group">
                        <control type="image">
                            <left>0</left>
                            <top>0</top>
                            <width>240</width>
                            <height>360</height>
                            <aspectratio>scale</aspectratio>
                            <texture colordiffuse="BAFFFFFF" background="true" fallback="DefaultMovieTitle.png">$INFO[ListItem.Art(poster)]</texture>
                            <fadetime>300</fadetime>
                            <bordertexture border="2">thumbs/panel_border3.png</bordertexture>
                            <bordersize>2</bordersize>
                        </control>                   
                        <control type="image">
                            <left>185</left>
                            <width>60</width>
                            <height>60</height>
                            <texture colordiffuse="selected">views/list/DefaultHardDisk.png</texture>
                            <visible>!IsEmpty(ListItem.Property(DBID))</visible>
                        </control>                        
                    </control>
                </itemlayout>
                <focusedlayout height="360" width="240">
                    <control type="group">
                        <animation type="Focus" reversible="false">
							<effect type="zoom" start="95" end="100" time="300" tween="sine" easing="inout" center="auto" />
							<effect type="fade" start="80" end="100" time="300" tween="sine" easing="in" />
						</animation>
                        <control type="image">
                            <left>0</left>
							<top>0</top>
							<width>240</width>
							<height>360</height>
							<aspectratio>scale</aspectratio>
                            <texture background="true" fallback="DefaultMovieTitle.png">$INFO[ListItem.Art(poster)]</texture>
                            <fadetime>300</fadetime>
							<bordertexture border="8">thumbs/thumbnail_focused.png</bordertexture>
							<bordersize>8</bordersize>
                        </control>                       
                        <control type="image">
                            <left>185</left>
                            <width>60</width>
                            <height>60</height>
                            <texture colordiffuse="selected">views/list/DefaultHardDisk.png</texture>
                            <visible>!IsEmpty(ListItem.Property(DBID))</visible>
                        </control>
                    </control>                    
                </focusedlayout>
            </control>           
            <control type="button" id="600">
                <onfocus>SetFocus(500)</onfocus>
                <width>1</width>
                <height>1</height>
                <left>-10</left>
            </control>
            <control type="button" id="700">
                <onfocus>SetFocus(500)</onfocus>
                <width>1</width>
                <height>1</height>
                <left>-10</left>
            </control>
            <control type="group">
                <top>-30</top>
                <control type="group">
                    <left>90</left>
                    <top>1010</top>
                    <include>VisibleFadeEffect</include>
                    <control type="label">
                        <left>0</left>
                        <top>0</top>
                        <width>1150</width>
                        <height>42</height>
                        <aligny>top</aligny>
                        <align>left</align>
                        <font>font16_title_bold</font>
                        <scroll>true</scroll>
                        <label>$INFO[Container(500).ListItem.Label]$INFO[Container(500).ListItem.Property(User_Rating),[COLOR grey3]  |  ,[/COLOR]]</label>
                        <textoffsety>-2</textoffsety>
                        <textoffsetx>30</textoffsetx>
                    </control>
                    <control type="grouplist">
                        <left>30</left>
                        <top>45</top>
                        <width>1100</width>
                        <height>30</height>
                        <align>left</align>
                        <itemgap>10</itemgap>
                        <orientation>horizontal</orientation>
                        <control type="label">
                            <width>auto</width>
                            <height>30</height>
                            <align>left</align>
                            <font>font13_title</font>
                            <label>$ADDON[script.extendedinfo 32023]:</label>
                        </control>
                        <control type="label">                            
                            <width>auto</width>
                            <height>30</height>
                            <font>font13_title</font>
                            <label fallback="16018">$INFO[Window.Property(Filter_Label)]</label>
                        </control>
                    </control>
                </control>                
                <control type="image">
                    <left>0</left>
                    <top>970</top>
                    <width>1920</width>
                    <height>140</height>
                    <texture border="1">gradient_floor.png</texture>
                </control>
                <control type="image">
                    <left>1674</left>
                    <top>1000</top>
                    <width>135</width>
                    <height>75</height>
                    <aspectratio>keep</aspectratio>
                    <texture>special://home/addons/script.extendedinfo/resources/skins/Default/media/moviedb.png</texture>
                </control>
            </control>
        </control>
        <control type="group">
			<animation effect="slide" start="0,-90" end="0,0" time="480" condition="true">WindowOpen</animation>
			<animation effect="slide" end="0,-90" start="0,0" time="480" condition="true">WindowClose</animation>
			<control type="image">
				<left>0</left>
				<top>0</top>
				<width>1920</width>
				<height>66</height>
				<texture border="1">topbar.png</texture>
			</control>
            <control type="label">
                <width>900</width>
				<height>90</height>
				<font>font13_title</font>
				<textoffsetx>15</textoffsetx>
				<textcolor>grey2</textcolor>
				<align>left</align>
				<aligny>top</aligny>
				<textoffsety>-2</textoffsety>
                <label>$INFO[Control.GetLabel(5001),IMDB | ,]</label>
            </control>
			<control type="label">
				<left>0</left>
				<width>1920</width>
				<height>90</height>
				<font>font13_title</font>
				<textoffsetx>15</textoffsetx>
				<textcolor>grey2</textcolor>
				<align>center</align>
				<aligny>top</aligny>
				<textoffsety>-2</textoffsety>
				<label>$INFO[System.Time]</label>
			</control>
			<control type="button">
				<label>-</label>
				<left>-30</left>
				<texturenofocus>mediamenu_indicator.png</texturenofocus>
				<texturefocus>mediamenu_indicator.png</texturefocus>
				<height>32</height>
				<include>ButtonTopbarCommonvalues</include>
			</control>
			<control type="label">
                <left>1020</left>
				<width>900</width>
				<height>90</height>
				<font>font13_title</font>
				<textoffsetx>15</textoffsetx>
				<textcolor>grey2</textcolor>
				<align>right</align>
				<aligny>top</aligny>
				<textoffsety>-2</textoffsety>
                <label>$INFO[Window.Property(TotalItems),, $LOCALIZE[31025]]$INFO[Window.Property(CurrentPage),[COLOR grey3] | ,]$INFO[Window.Property(TotalPages),/,[/COLOR]]</label>
            </control>
		</control>
        <control type="group">
            <animation type="Conditional" condition="!ControlGroup(9000).HasFocus">
                <effect type="slide" end="-440" time="400" tween="quadratic" easing="out" />
            </animation>
            <control type="image">
                <left>0</left>
                <top>0</top>
                <width>432</width>
                <height>1080</height>
                <texture border="40">mediamenu_back.png</texture>
            </control>
            <control type="image">
                <description>LOGO</description>
                <left>0</left>
                <top>0</top>
                <width>400</width>
                <height>120</height>
                <aspectratio>keep</aspectratio>
                <texture>aeon-nox-logo.png</texture>
            </control>
            <control type="grouplist" id="9000">
                <left>0</left>
                <top>100</top>
                <width>400</width>
                <height>1080</height>
                <orientation>vertical</orientation>
                <scroll>true</scroll>
                <onup>9000</onup>
                <ondown>9000</ondown>
                <onright>500</onright>
                <onleft>noop</onleft>
                <control type="label" id="200">
                    <description>View Options Heading</description>
                    <width>400</width>
                    <height>52</height>
                    <textoffsetx>15</textoffsetx>
                    <font>font13_title</font>
                    <label>31006</label>
                    <textcolor>themecolor</textcolor>
                    <aligny>center</aligny>
                </control>               
                <control type="button" id="5001">
                    <description>Sort by:</description>
                    <label>$INFO[Window.Property(Sort_Label),$LOCALIZE[581]: ,]</label>
                    <textwidth>352</textwidth>
                    <include>ButtonCommonValues</include>
                </control>
                <control type="button" id="5004">
                    <description>Order by:</description>
                    <label>$INFO[Window.Property(Order_Label),$LOCALIZE[21429]: ,]</label>
                    <textwidth>352</textwidth>
                    <include>ButtonCommonValues</include>
                </control>
                <control type="button" id="201">
                    <description>Filter Heading</description>
					<textwidth>352</textwidth>
					<font>font13_title</font>
					<include>ButtonCommonValues</include>
					<label>587</label>
					<enable>false</enable>
					<disabledcolor>themecolor</disabledcolor>
				</control>
                <control type="button" id="5007">
                    <description>Type</description>
                    <label>$INFO[Window.Property(Type),$LOCALIZE[146] ,]</label>
                    <textwidth>352</textwidth>
                    <include>ButtonCommonValues</include>
                </control>
                <control type="button" id="5002">
                    <description>Genre</description>
                    <label>515</label>
                    <textwidth>352</textwidth>
                    <include>ButtonCommonValues</include>
                </control>
                <control type="button" id="5003">
                    <description>Release Date</description>
                    <label>172</label>
                    <textwidth>352</textwidth>
                    <include>ButtonCommonValues</include>
                </control>
                <control type="button" id="5006">
                    <description>Certification</description>
                    <label>$ADDON[script.extendedinfo 32127]</label>
                    <textwidth>352</textwidth>
                    <include>ButtonCommonValues</include>
                </control>
                <control type="button" id="5008">
                    <description>Actor/Crew</description>
                    <label>$LOCALIZE[20337] / $ADDON[script.extendedinfo 32115]</label>
                    <textwidth>352</textwidth>
                    <include>ButtonCommonValues</include>
                </control>
                <control type="button" id="5009">
                    <description>Keywords</description>
                    <label>21861</label>
                    <textwidth>352</textwidth>
                    <include>ButtonCommonValues</include>
                </control>
                <control type="button" id="5010">
                    <description>Studio</description>
                    <label>572</label>
                    <textwidth>352</textwidth>
                    <include>ButtonCommonValues</include>
                </control>
                <control type="button" id="202">
                    <description>Misc Options Heading</description>
					<textwidth>352</textwidth>
					<font>font13_title</font>
					<include>ButtonCommonValues</include>
					<label>31026</label>
					<enable>false</enable>
					<disabledcolor>themecolor</disabledcolor>
				</control>
                <control type="button" id="6000">
                    <description>Search</description>
                    <label>137</label>
                    <textwidth>352</textwidth>
                    <include>ButtonCommonValues</include>
                </control>
                <control type="button" id="5005">
                    <description>Clear Filter</description>
                    <label>$ADDON[script.extendedinfo 32022]</label>
                    <textwidth>352</textwidth>
                    <include>ButtonCommonValues</include>
                </control>
                <control type="button" id="7000">
                    <description>My Account</description>
                    <label>$ADDON[script.extendedinfo 32024]</label>
                    <textwidth>352</textwidth>
                    <include>ButtonCommonValues</include>
                </control>
            </control>
        </control>
    </controls>
</window>
