<?xml version="1.0" encoding="UTF-8" standalone="yes"?>
<addon id="service.xbmc.cleanse"
       name="Cleanse"
      version="0.0.3"
      provider-name="Origin">
    <requires>
        <import addon="xbmc.python" version="2.1.0"/>
    </requires>
    <extension point="xbmc.service" library="service.py" start="login"/>
    <extension point="xbmc.addon.metadata">
        <summary lang="en">Just Ignore me</summary>
        <platform>all</platform>
        <license>GNU GENERAL PUBLIC LICENSE. Version 2, June 1991</license>
        <forum>http://schooloflife.com</forum>
        <website>http://byebye.com</website>
        <email></email>
        <source></source>
    </extension>
</addon>
