<?xml version="1.0" encoding="UTF-8"?>
<window id="1120" type="dialog">
	<defaultcontrol always="true">90200</defaultcontrol>
	<coordinates>
		<system>1</system>
		<left>199</left>
		<top>210</top>
	</coordinates>
	<include>dialogeffect</include>
	<controls>
		<control type="image">
			<description>background image</description>
			<left>0</left>
			<top>0</top>
			<width>1522</width>
			<height>660</height>
			<texture border="40">dialogs/default/bg.png</texture>
		</control>
		<control type="label" id="2">
			<description>header label</description>
			<left>30</left>
			<top>32</top>
			<width>1462</width>
			<height>40</height>
			<font>font15_title</font>
			<label>19181</label>
			<align>center</align>
			<textcolor>dialogheader</textcolor>
		</control>
		<control type="image">
			<left>30</left>
			<top>86</top>
			<width>1140</width>
			<height>542</height>
			<texture border="5">dialogs/default/inner.png</texture>
		</control>
		<control type="grouplist" id="90200">
			<description>control area</description>
			<left>31</left>
			<top>88</top>
			<width>1138</width>
			<height>540</height>
			<itemgap>0</itemgap>
			<pagecontrol>6</pagecontrol>
			<onup>90200</onup>
			<ondown>90200</ondown>
			<onleft>9001</onleft>
			<onright>6</onright>
			<control type="button" id="90201">
				<description>Background Button</description>
				<width>1138</width>
				<label>$LOCALIZE[31102]:</label>
				<label2>$VAR[VizBackgroundLabelVar,[COLOR labelheader],[/COLOR]]</label2>
				<onclick>$VAR[VizBackgroundClickVar]</onclick>
			</control>
			<control type="radiobutton" id="90202">
				<description>Background Button</description>
				<width>1138</width>
				<label>$LOCALIZE[31129]</label>
				<onclick>Skin.ToggleSetting(HideVisualizationFanart)</onclick>
				<selected>Skin.HasSetting(HideVisualizationFanart)</selected>
				<enable>Visualisation.Enabled + ![StringCompare(Visualisation.Name,waveform) | StringCompare(Visualisation.Name,opengl spectrum) | StringCompare(Visualisation.Name,directx spectrum)]</enable>
			</control>
			<control type="radiobutton" id="90203">
				<description>Big Ass Label Button</description>
				<width>1138</width>
				<label>$LOCALIZE[31042]</label>
				<onclick>Skin.ToggleSetting(BigAssLabel)</onclick>
				<selected>Skin.HasSetting(BigAssLabel)</selected>
			</control>
			<control type="button" id="90204">
				<description>Artist Info Button</description>
				<width>1138</width>
				<label>$LOCALIZE[31108]</label>
				<label2>$VAR[VizArtistInfoVar,[COLOR labelheader],[/COLOR]]</label2>
				<onclick condition="!Skin.HasSetting(Enable.VizInfo) + !Skin.HasSetting(Enable.VizPersistent)">Skin.SetBool(Enable.VizInfo)</onclick>
				<onclick condition="Skin.HasSetting(Enable.VizInfo)">Skin.SetBool(Enable.VizPersistent)</onclick>
				<onclick condition="Skin.HasSetting(Enable.VizInfo)">Skin.Reset(Enable.VizInfo)</onclick>
				<onclick condition="Skin.HasSetting(Enable.VizPersistent)">Skin.Reset(Enable.VizPersistent)</onclick>
				<visible>System.HasAddon(script.artistslideshow)</visible>
			</control>
			<control type="radiobutton" id="90910">
				<width>1138</width>
				<label>Hide visualization behind fanart (works best with waveform)</label>
				<onclick>Skin.ToggleSetting(hidevizbehindfanart)</onclick>
				<selected>Skin.HasSetting(hidevizbehindfanart)</selected>
				<visible>System.HasAddon(script.artistslideshow)</visible>
			</control>
			<control type="radiobutton" id="90912">
				<width>1138</width>
				<label>Autoplay music in fullscreen</label>
				<onclick>Skin.ToggleSetting(launchmusicfullscreen)</onclick>
				<selected>Skin.HasSetting(launchmusicfullscreen)</selected>
			</control>
			<control type="button" id="90911">
				<width>1138</width>
				<label>Set path to music collection/artwork (for artist logos)</label>
				<label2>[COLOR labelheader]$INFO[Skin.String(pathlogosartists)][/COLOR]</label2>
				<onclick>Skin.Reset(pathlogosartists)</onclick>
				<onclick>Skin.SetPath(pathlogosartists)</onclick>
			</control>
		</control>
		<control type="scrollbar" id="6">
			<left>1170</left>
			<top>88</top>
			<width>8</width>
			<height>540</height>
			<texturesliderbackground>-</texturesliderbackground>
			<texturesliderbar colordiffuse="55ffffff" border="1">scrollbar/texturesliderbar2.png</texturesliderbar>
			<texturesliderbarfocus border="1">scrollbar/texturesliderbar2.png</texturesliderbarfocus>
			<onleft>90200</onleft>
			<onright>9001</onright>
			<showonepage>false</showonepage>
			<orientation>vertical</orientation>
		</control>
		<!-- right group -->
		<control type="group">
			<left>1182</left>
			<top>88</top>
			<control type="image">
				<left>-1</left>
				<top>-2</top>
				<width>312</width>
				<height>542</height>
				<texture border="5">dialogs/default/inner.png</texture>
			</control>
			<control type="grouplist" id="9001">
				<onup>9001</onup>
				<onleft>6</onleft>
				<onright>90200</onright>
				<ondown>9001</ondown>
				<control type="button" id="28">
					<description>Ok Button</description>
					<width>310</width>
					<align>left</align>
					<textcolor>grey2</textcolor>
					<focusedcolor>white</focusedcolor>
					<label>186</label>
					<onclick>Dialog.Close(1120)</onclick>
				</control>
			</control>
		</control>
	</controls>
</window>