<?xml version="1.0" encoding="UTF-8"?>
<window>
	<defaultcontrol always="true">30</defaultcontrol>
	<allowoverlay>no</allowoverlay>
	<controls>
		<control type="group">
			<animation effect="slide" start="-729,0" end="0,0" time="500" tween="quadratic">WindowOpen</animation>
			<animation effect="slide" end="-729,0" time="500" tween="quadratic">WindowClose</animation>
			<control type="image">
				<width>729</width>
				<height>1080</height>
				<aspectratio aligny="top">scale</aspectratio>
				<texture background="true" fallback="black.png">$INFO[Window.Property(actor.thumb)]</texture>
			</control>
		</control>
		<control type="group">
			<animation effect="slide" start="1242,0" end="0,0" time="500" tween="quadratic">WindowOpen</animation>
			<animation effect="slide" end="1242,0" time="500" tween="quadratic">WindowClose</animation>
			<left>729</left>
			<control type="image">
				<width>1192</width>
				<height>1080</height>
				<aspectratio align="center">scale</aspectratio>
				<texture background="true" fallback="black.png">$INFO[Window.Property(actor.thumb)]</texture>
			</control>
			<control type="image">
				<width>1192</width>
				<height>1080</height>
				<texture border="4">dialogs/info/info_rightpaneltop.png</texture>
			</control>
			<control type="group">
				<left>40</left>
				<top>20</top>
				<width>1042</width>
				<height>854</height>
				<control type="label">
					<top>-20</top>
					<width>980</width>
					<height>110</height>
					<aligny>center</aligny>
					<align>left</align>
					<font>font30_title_bold</font>
					<textcolor>grey</textcolor>
					<scroll>true</scroll>
					<label>$INFO[Window.Property(actor.title)]</label>
				</control>
				<control type="image">
					<left>980</left>
					<top>-20</top>
					<width>259</width>
					<height>100</height>
					<texture>special://home/addons/script.extendedinfo/resources/skins/Default/media/moviedb.png</texture>
					<aspectratio align="left" aligny="center">keep</aspectratio>                   
				</control>
				<control type="image">
					<left>-37</left>
					<top>17</top>
					<width>1188</width>
					<height>60</height>
					<texture border="1">separator2.png</texture>
				</control>
				<control type="panel" id="300">
					<left>-36</left>
					<top>80</top>
					<width>1188</width>
					<height>408</height>
					<onup>4002</onup>
					<ondown>9000</ondown>
					<orientation>horizontal</orientation>
					<scrolltime tween="quadratic" easing="out">200</scrolltime>
					<itemlayout height="102" width="594">
						<control type="image">
							<top>42</top>
							<width>594</width>
							<height>60</height>
							<texture border="1">separator2.png</texture>
						</control>
						<control type="label">
							<top>50</top>
							<width>594</width>
							<height>40</height>
							<font>font15</font>
							<textcolor>grey</textcolor>
							<selectedcolor>selected</selectedcolor>
							<label>$INFO[ListItem.Label]</label>
							<textoffsetx>36</textoffsetx>
						</control>
						<control type="label">
							<top>5</top>
							<width>594</width>
							<height>40</height>
							<font>font15</font>
							<textcolor>labelheader</textcolor>
							<selectedcolor>selected</selectedcolor>
							<label>$INFO[ListItem.Label2]</label>
							<textoffsetx>36</textoffsetx>
						</control>
					</itemlayout>
					<focusedlayout height="102" width="594">
						<control type="image">
							<top>42</top>
							<width>594</width>
							<height>60</height>
							<texture border="1">separator2.png</texture>
						</control>
						<control type="image">
							<top>1</top>
							<width>594</width>
							<height>100</height>
							<texture border="4">listselect_fo.png</texture>
							<visible>Control.HasFocus(300)</visible>
							<include>VisibleFadeEffect</include>
							<colordiffuse></colordiffuse>
						</control>
						<control type="label">
							<top>50</top>
							<width>594</width>
							<height>40</height>
							<font>font15</font>
							<textcolor>white</textcolor>
							<selectedcolor>selected</selectedcolor>
							<label>$INFO[ListItem.Label]</label>
							<textoffsetx>36</textoffsetx>
						</control>
						<control type="label">
							<top>5</top>
							<width>594</width>
							<height>40</height>
							<font>font15</font>
							<textcolor>white</textcolor>
							<selectedcolor>selected</selectedcolor>
							<label>$INFO[ListItem.Label2]</label>
							<textoffsetx>36</textoffsetx>
						</control>
					</focusedlayout>
					<content>
						<item>
							<label fallback="161">$INFO[Window.Property(actor.AlsoKnownAs)]</label>
							<label2>$ADDON[script.extendedinfo 32016]:</label2>
							<onclick>noop</onclick>
							<visible>!IsEmpty(Window.Property(actor.AlsoKnownAs))</visible>
						</item>
						<item>
							<label fallback="161">$INFO[Window.Property(actor.Birthday)]</label>
							<label2>$ADDON[script.extendedinfo 32012]:</label2>
							<onclick>noop</onclick>
						</item>
						<item>
							<label fallback="161">$INFO[Window.Property(actor.Age)]</label>
							<label2>$ADDON[script.extendedinfo 32020]:</label2>
							<onclick>noop</onclick>
							<visible>IsEmpty(Window.Property(actor.Deathday))</visible>
						</item>
						<item>
							<label fallback="161">$INFO[Window.Property(actor.Deathday)]</label>
							<label2>$ADDON[script.extendedinfo 32013]:</label2>
							<onclick>noop</onclick>
							<visible>!IsEmpty(Window.Property(actor.Deathday))</visible>
						</item>
						<item>
							<label fallback="161">$INFO[Window.Property(actor.PlaceOfBirth)]</label>
							<label2>$ADDON[script.extendedinfo 32014]:</label2>
							<onclick>noop</onclick>
						</item>
						<item>
							<label fallback="161">$INFO[Container(150).NumItems]</label>
							<!--<label fallback="161">$INFO[Window.Property(actor.TotalMovies)]</label>-->
							<label2>$ADDON[script.extendedinfo 32011]:</label2>
							<onclick>noop</onclick>
						</item>
						<item>
							<label fallback="161">$INFO[Window.Property(actor.DBMovies)]</label>
							<label2>$ADDON[script.extendedinfo 32021]:</label2>
							<onclick>noop</onclick>
						</item>
						<item>
							<label fallback="161">$INFO[Window.Property(actor.Homepage)]</label>
							<label2>$ADDON[script.extendedinfo 32017]:</label2>
							<onclick>noop</onclick>
						</item>
					</content>
				</control>
				<control type="textbox" id="800">
					<description>Plot</description>
					<left>0</left>
					<top>555</top>
					<width>1132</width>
					<height>500</height>
					<font>font15_textbox</font>
					<align>left</align>
					<label fallback="161">$INFO[Window.Property(actor.Biography)]</label>
					<textcolor>white</textcolor>
					<pagecontrol>60</pagecontrol>
					<autoscroll time="3000" delay="6000" repeat="6000">Skin.HasSetting(Enable.AutoScroll)</autoscroll>
					<animation effect="fade" start="0" end="100" time="500" tween="sine" easing="inout">VisibleChange</animation>
					<visible>ControlGroup(9000).HasFocus(30)</visible>
				</control>
				<control type="image">
					<top>1015</top>
					<width>1132</width>
					<height>40</height>
					<texture flipy="true" border="1">bottom_shadow.png</texture>
					</control>
				<control type="scrollbar" id="60">
					<left>1137</left>
					<top>550</top>
					<width>12</width>
					<height>510</height>
					<onup>60</onup>
					<ondown>60</ondown>
					<onleft>9000</onleft>
					<onright>9000</onright>
					<texturesliderbackground>-</texturesliderbackground>
					<texturesliderbar colordiffuse="55ffffff" border="1">scrollbar/texturesliderbar2.png</texturesliderbar>
					<texturesliderbarfocus border="1">scrollbar/texturesliderbar2.png</texturesliderbarfocus>
					<showonepage>false</showonepage>
					<orientation>vertical</orientation>
					<visible>Control.IsVisible(800)</visible>
				</control>
				<control type="panel" id="150">
					<description>Movies roles</description>
					<left>-37</left>
					<top>552</top>
					<width>1188</width>
					<height>520</height>
					<onleft>150</onleft>
					<onright>150</onright>
					<onup>9000</onup>
					<ondown>9000</ondown>
					<orientation>horizontal</orientation>
					<scrolltime tween="quadratic" easing="out">300</scrolltime>
					<visible>IntegerGreaterThan(Container(150).NumItems,0) + ControlGroup(9000).HasFocus(32)</visible>
					<animation effect="fade" start="0" end="100" time="500" tween="sine" easing="inout">VisibleChange</animation>
					<itemlayout height="420" width="300">
						<control type="image">
							<width>300</width>
							<height>420</height>
							<fadetime>400</fadetime>
							<aspectratio>scale</aspectratio>
							<texture background="true" fallback="DefaultVideoCover.png">$INFO[ListItem.Thumb]</texture>
							<bordertexture border="2">thumbs/panel_border3.png</bordertexture>
							<bordersize>2</bordersize>
						</control>
						<control type="image">
							<left>240</left>
							<width>60</width>
							<height>60</height>                           
							<texture colordiffuse="selected">views/list/DefaultHardDisk.png</texture>
							<visible>!IsEmpty(ListItem.Property(DBID))</visible>
						</control>
						<control type="image">
							<width>300</width>
							<height>420</height>
							<texture>thumbs/poster_black.png</texture>
							<bordersize>2</bordersize>
						</control>
						<control type="textbox">
							<align>center</align>
							<top>320</top>
							<width>290</width>
							<height>90</height>
							<font>font14</font>
							<textcolor>grey</textcolor>
							<shadowcolor>shadow</shadowcolor>
							<selectedcolor>selected</selectedcolor>
							<label>$INFO[ListItem.Label]$INFO[ListItem.Year, (,)]</label>
						</control>
					</itemlayout>
					<focusedlayout height="420" width="300">
						<control type="group">
							<animation type="Focus" reversible="false">
								<effect type="zoom" start="90" end="100" time="200" tween="sine" easing="inout" center="auto" />
								<effect type="fade" start="80" end="100" time="200" tween="sine" easing="in" />
							</animation>
							<control type="image">
								<width>300</width>
								<height>420</height>
								<aspectratio>scale</aspectratio>
								<fadetime>400</fadetime>
								<texture background="true" fallback="DefaultVideoCover.png">$INFO[ListItem.Thumb]</texture>
								<bordertexture border="2">thumbs/panel_border3.png</bordertexture>
								<bordersize>2</bordersize>
							</control>
							<control type="image">
								<left>240</left>
								<width>60</width>
								<height>60</height>                                
								<texture colordiffuse="selected">views/list/DefaultHardDisk.png</texture>
								<visible>!IsEmpty(ListItem.Property(DBID))</visible>
							</control>
							<control type="image">
								<width>300</width>
								<height>420</height>
								<texture>thumbs/poster_black.png</texture>
								<bordersize>2</bordersize>
							</control>
							<control type="textbox">
								<align>center</align>
								<top>320</top>
								<width>290</width>
								<height>90</height>
								<font>font14</font>
								<textcolor>labelheader</textcolor>
								<shadowcolor>shadow</shadowcolor>
								<label>$INFO[ListItem.Label]$INFO[ListItem.Year, (,)]</label>
								<autoscroll delay="2000" time="3000" repeat="2500">true</autoscroll>						
								<animation effect="fade" start="100" end="40" time="300" tween="sine" easing="inout" condition="!Control.HasFocus(150)">Conditional</animation>
							</control>
						</control>
					</focusedlayout>
				</control>            
				<control type="panel" id="250">
					<description>TVShow roles</description>
					<left>-37</left>
					<top>552</top>
					<width>1188</width>
					<height>520</height>
					<onleft>250</onleft>
					<onright>250</onright>
					<onup>9000</onup>
					<ondown>9000</ondown>
					<orientation>horizontal</orientation>
					<scrolltime tween="quadratic" easing="out">300</scrolltime>
					<visible>IntegerGreaterThan(Container(250).NumItems,0) + ControlGroup(9000).HasFocus(34)</visible>
					<animation effect="fade" start="0" end="100" time="500" tween="sine" easing="inout">VisibleChange</animation>
					<itemlayout height="420" width="300">
						<control type="image">
							<width>300</width>
							<height>420</height>
							<fadetime>400</fadetime>
							<aspectratio>scale</aspectratio>
							<texture background="true" fallback="DefaultVideoCover.png">$INFO[ListItem.Thumb]</texture>
							<bordertexture border="2">thumbs/panel_border3.png</bordertexture>
							<bordersize>2</bordersize>
						</control>
						<control type="image">
							<left>240</left>
							<width>60</width>
							<height>60</height>                           
							<texture colordiffuse="selected">views/list/DefaultHardDisk.png</texture>
							<visible>!IsEmpty(ListItem.Property(DBID))</visible>
						</control>
						<control type="image">
							<width>300</width>
							<height>420</height>
							<texture>thumbs/poster_black.png</texture>
							<bordersize>2</bordersize>
						</control>
						<control type="textbox">
							<align>center</align>
							<top>320</top>
							<width>290</width>
							<height>90</height>
							<font>font14</font>
							<textcolor>grey</textcolor>
							<shadowcolor>shadow</shadowcolor>
							<selectedcolor>selected</selectedcolor>
							<label>$INFO[ListItem.Label]$INFO[ListItem.Year, (,)]</label>
						</control>
					</itemlayout>
					<focusedlayout height="420" width="300">
						<control type="group">
							<animation type="Focus" reversible="false">
								<effect type="zoom" start="90" end="100" time="200" tween="sine" easing="inout" center="auto" />
								<effect type="fade" start="80" end="100" time="200" tween="sine" easing="in" />
							</animation>
							<control type="image">
								<width>300</width>
								<height>420</height>
								<aspectratio>scale</aspectratio>
								<fadetime>400</fadetime>
								<texture background="true" fallback="DefaultVideoCover.png">$INFO[ListItem.Thumb]</texture>
								<bordertexture border="2">thumbs/panel_border3.png</bordertexture>
								<bordersize>2</bordersize>
							</control>
							<control type="image">
								<left>240</left>
								<width>60</width>
								<height>60</height>                                
								<texture colordiffuse="selected">views/list/DefaultHardDisk.png</texture>
								<visible>!IsEmpty(ListItem.Property(DBID))</visible>
							</control>
							<control type="image">
								<width>300</width>
								<height>420</height>
								<texture>thumbs/poster_black.png</texture>
								<bordersize>2</bordersize>
							</control>
							<control type="textbox">
								<align>center</align>
								<top>320</top>
								<width>290</width>
								<height>90</height>
								<font>font14</font>
								<textcolor>labelheader</textcolor>
								<shadowcolor>shadow</shadowcolor>
								<label>$INFO[ListItem.Label]$INFO[ListItem.Year, (,)]</label>
								<autoscroll delay="2000" time="3000" repeat="2500">true</autoscroll>						
								<animation effect="fade" start="100" end="40" time="300" tween="sine" easing="inout" condition="!Control.HasFocus(250)">Conditional</animation>
							</control>
						</control>
					</focusedlayout>
				</control>
				<control type="panel" id="350">
					<description>Youtube Videos</description>
					<left>-37</left>
					<top>552</top>
					<width>1188</width>
					<height>520</height>
					<onleft>350</onleft>
					<onright>350</onright>
					<onup>9000</onup>
					<ondown>9000</ondown>
					<orientation>horizontal</orientation>
					<scrolltime tween="quadratic" easing="out">300</scrolltime>
					<visible>IntegerGreaterThan(Container(350).NumItems,0) + ControlGroup(9000).HasFocus(38)</visible>
					<animation effect="fade" start="0" end="100" time="500" tween="sine" easing="inout">VisibleChange</animation>
					<itemlayout height="420" width="594">
						<control type="image">
							<width>594</width>
							<height>418</height>
							<fadetime>400</fadetime>
							<aspectratio>scale</aspectratio>
							<texture background="true" fallback="DefaultVideoCover.png">$INFO[ListItem.Thumb]</texture>
						</control>
						<control type="image">
							<top>328</top>
							<width>594</width>
							<height>90</height>
							<texture>black.png</texture>
							<colordiffuse>88ffffff</colordiffuse>
						</control>
						<control type="textbox">
							<left>10</left>
							<top>330</top>
							<width>574</width>
							<height>75</height>
							<align>center</align>
							<font>font13</font>
							<shadowcolor>black</shadowcolor>
							<label>$INFO[ListItem.Label]</label>
						</control>
					</itemlayout>
					<focusedlayout height="420" width="594">
						<control type="group">
							<animation type="Focus" reversible="false">
								<effect type="zoom" start="95" end="100" time="300" tween="sine" easing="inout" center="auto" />
								<effect type="fade" start="80" end="100" time="300" tween="sine" easing="in" />
							</animation>
							<control type="image">
								<width>594</width>
								<height>418</height>
								<aspectratio>scale</aspectratio>
								<fadetime>400</fadetime>
								<texture background="true" fallback="DefaultVideoCover.png">$INFO[ListItem.Thumb]</texture>
								<bordertexture border="8">thumbs/thumbnail_focused.png</bordertexture>
								<bordersize>8</bordersize>
							</control>
							<control type="image">
								<left>5</left>
								<top>328</top>
								<width>582</width>
								<height>84</height>
								<texture>black.png</texture>
								<colordiffuse>88ffffff</colordiffuse>
							</control>
							<control type="textbox">
								<left>10</left>
								<top>330</top>
								<width>574</width>
								<height>75</height>
								<font>font13</font>
								<align>center</align>
								<shadowcolor>black</shadowcolor>
								<label>$INFO[ListItem.Label]</label>
								<autoscroll time="2000" delay="2000" repeat="2000">true</autoscroll>
							</control>
						</control>
					</focusedlayout>                   
				</control>            
				<control type="panel" id="450">
					<description>Artwork</description>
					<left>-37</left>
					<top>552</top>
					<width>1188</width>
					<height>520</height>
					<onleft>450</onleft>
					<onright>450</onright>
					<onup>9000</onup>
					<ondown>9000</ondown>
					<orientation>horizontal</orientation>
					<scrolltime tween="quadratic" easing="out">300</scrolltime>
					<visible>IntegerGreaterThan(Container(450).NumItems,0) + ControlGroup(9000).HasFocus(36) + StringCompare(Control.GetLabel(36),$LOCALIZE[20445])</visible>
					<animation effect="fade" start="0" end="100" time="500" tween="sine" easing="inout">VisibleChange</animation>
					<itemlayout height="420" width="297">
						<control type="image">
							<width>297</width>
							<height>418</height>
							<fadetime>400</fadetime>
							<aspectratio>scale</aspectratio>
							<texture background="true" fallback="DefaultPicture.png">$INFO[ListItem.Thumb]</texture>
						</control>                        
					</itemlayout>
					<focusedlayout height="420" width="297">
						<control type="group">
							<animation type="Focus" reversible="false">
								<effect type="zoom" start="95" end="100" time="300" tween="sine" easing="inout" center="auto" />
								<effect type="fade" start="80" end="100" time="300" tween="sine" easing="in" />
							</animation>
							<control type="image">
								<width>297</width>
								<height>418</height>
								<aspectratio>scale</aspectratio>
								<fadetime>400</fadetime>
								<texture background="true" fallback="DefaultPicture.png">$INFO[ListItem.Thumb]</texture>
								<bordertexture border="8">thumbs/thumbnail_focused.png</bordertexture>
								<bordersize>8</bordersize>
							</control>
						</control>
					</focusedlayout>
				</control>
				<control type="panel" id="550">
					<description>Movie crew member</description>
					<left>-37</left>
					<top>552</top>
					<width>1188</width>
					<height>520</height>
					<onleft>550</onleft>
					<onright>550</onright>
					<onup>9000</onup>
					<ondown>9000</ondown>
					<orientation>horizontal</orientation>
					<scrolltime tween="quadratic" easing="out">300</scrolltime>
					<visible>IntegerGreaterThan(Container(550).NumItems,0) + ControlGroup(9000).HasFocus(40)</visible>
					<animation effect="fade" start="0" end="100" time="500" tween="sine" easing="inout">VisibleChange</animation>
					<itemlayout height="420" width="300">
						<control type="image">
							<width>300</width>
							<height>420</height>
							<fadetime>400</fadetime>
							<aspectratio>scale</aspectratio>
							<texture background="true" fallback="DefaultVideoCover.png">$INFO[ListItem.Thumb]</texture>
							<bordertexture border="2">thumbs/panel_border3.png</bordertexture>
							<bordersize>2</bordersize>
						</control>
						<control type="image">
							<left>240</left>
							<width>60</width>
							<height>60</height>                           
							<texture colordiffuse="selected">views/list/DefaultHardDisk.png</texture>
							<visible>!IsEmpty(ListItem.Property(DBID))</visible>
						</control>
						<control type="image">
							<width>300</width>
							<height>420</height>
							<texture>thumbs/poster_black.png</texture>
							<bordersize>2</bordersize>
						</control>
						<control type="textbox">
							<align>center</align>
							<top>320</top>
							<width>290</width>
							<height>90</height>
							<font>font14</font>
							<textcolor>grey</textcolor>
							<shadowcolor>shadow</shadowcolor>
							<selectedcolor>selected</selectedcolor>
							<label>$INFO[ListItem.Label]$INFO[ListItem.Year, (,)]$INFO[ListItem.Property(Job), - ,]</label>
						</control>
					</itemlayout>
					<focusedlayout height="420" width="300">
						<control type="group">
							<animation type="Focus" reversible="false">
								<effect type="zoom" start="90" end="100" time="200" tween="sine" easing="inout" center="auto" />
								<effect type="fade" start="80" end="100" time="200" tween="sine" easing="in" />
							</animation>
							<control type="image">
								<width>300</width>
								<height>420</height>
								<aspectratio>scale</aspectratio>
								<fadetime>400</fadetime>
								<texture background="true" fallback="DefaultVideoCover.png">$INFO[ListItem.Thumb]</texture>
								<bordertexture border="2">thumbs/panel_border3.png</bordertexture>
								<bordersize>2</bordersize>
							</control>
							<control type="image">
								<left>240</left>
								<width>60</width>
								<height>60</height>                                
								<texture colordiffuse="selected">views/list/DefaultHardDisk.png</texture>
								<visible>!IsEmpty(ListItem.Property(DBID))</visible>
							</control>
							<control type="image">
								<width>300</width>
								<height>420</height>
								<texture>thumbs/poster_black.png</texture>
								<bordersize>2</bordersize>
							</control>
							<control type="textbox">
								<align>center</align>
								<top>320</top>
								<width>290</width>
								<height>90</height>
								<font>font14</font>
								<textcolor>labelheader</textcolor>
								<shadowcolor>shadow</shadowcolor>
								<label>$INFO[ListItem.Label]$INFO[ListItem.Year, (,)]$INFO[ListItem.Property(Job), - ,]</label>
								<autoscroll delay="2000" time="3000" repeat="2500">true</autoscroll>						
								<animation effect="fade" start="100" end="40" time="300" tween="sine" easing="inout" condition="!Control.HasFocus(550)">Conditional</animation>
							</control>
						</control>
					</focusedlayout>                   
				</control>
				<control type="panel" id="650">
					<description>TVShow crew member</description>
					<left>-37</left>
					<top>552</top>
					<width>1188</width>
					<height>520</height>
					<onleft>650</onleft>
					<onright>650</onright>
					<onup>9000</onup>
					<ondown>9000</ondown>
					<orientation>horizontal</orientation>
					<scrolltime tween="quadratic" easing="out">300</scrolltime>
					<visible>IntegerGreaterThan(Container(650).NumItems,0) + ControlGroup(9000).HasFocus(42)</visible>
					<animation effect="fade" start="0" end="100" time="500" tween="sine" easing="inout">VisibleChange</animation>
					<itemlayout height="420" width="297">
						<control type="image">
							<width>297</width>
							<height>418</height>
							<fadetime>400</fadetime>
							<aspectratio>scale</aspectratio>
							<texture background="true" fallback="DefaultVideoCover.png">$INFO[ListItem.Thumb]</texture>
						</control>
						<control type="image">
							<left>240</left>
							<width>60</width>
							<height>60</height>                           
							<texture colordiffuse="selected">views/list/DefaultHardDisk.png</texture>
							<visible>!IsEmpty(ListItem.Property(DBID))</visible>
						</control>
						<control type="image">
							<top>328</top>
							<width>297</width>
							<height>90</height>
							<texture>black.png</texture>
							<colordiffuse>88ffffff</colordiffuse>
						</control>
						<control type="textbox">
							<left>10</left>
							<top>330</top>
							<width>277</width>
							<height>75</height>
							<align>center</align>
							<font>font13</font>
							<shadowcolor>black</shadowcolor>
							<label>$INFO[ListItem.Label]$INFO[ListItem.Year, (,)]$INFO[ListItem.Property(Job), - ,]</label>
						</control>
					</itemlayout>
					<focusedlayout height="420" width="297">
						<control type="group">
							<animation type="Focus" reversible="false">
								<effect type="zoom" start="95" end="100" time="300" tween="sine" easing="inout" center="auto" />
								<effect type="fade" start="80" end="100" time="300" tween="sine" easing="in" />
							</animation>
							<control type="image">
								<width>297</width>
								<height>418</height>
								<aspectratio>scale</aspectratio>
								<fadetime>400</fadetime>
								<texture background="true" fallback="DefaultVideoCover.png">$INFO[ListItem.Thumb]</texture>
								<bordertexture border="8">thumbs/thumbnail_focused.png</bordertexture>
								<bordersize>8</bordersize>
							</control>
							<control type="image">
								<left>240</left>
								<width>60</width>
								<height>60</height>                                
								<texture colordiffuse="selected">views/list/DefaultHardDisk.png</texture>
								<visible>!IsEmpty(ListItem.Property(DBID))</visible>
							</control>
							<control type="image">
								<left>8</left>
								<top>328</top>
								<width>281</width>
								<height>82</height>
								<texture>black.png</texture>
								<colordiffuse>88ffffff</colordiffuse>
							</control>
							<control type="textbox">
								<left>10</left>
								<top>330</top>
								<width>277</width>
								<height>75</height>
								<font>font13</font>
								<align>center</align>
								<shadowcolor>black</shadowcolor>
								<label>$INFO[ListItem.Label]$INFO[ListItem.Year, (,)]$INFO[ListItem.Property(Job), - ,]</label>
								<autoscroll time="2000" delay="2000" repeat="2000">true</autoscroll>
							</control>
						</control>
					</focusedlayout>                  
				</control>
				<control type="panel" id="750">
					<description>Fanart</description>
					<left>-37</left>
					<top>552</top>
					<width>1188</width>
					<height>520</height>
					<onleft>750</onleft>
					<onright>750</onright>
					<onup>9000</onup>
					<ondown>9000</ondown>
					<orientation>horizontal</orientation>
					<scrolltime tween="quadratic" easing="out">300</scrolltime>
					<visible>IntegerGreaterThan(Container(750).NumItems,0) + ControlGroup(9000).HasFocus(36) + StringCompare(Control.GetLabel(36),$LOCALIZE[31016])</visible>
					<animation effect="fade" start="0" end="100" time="500" tween="sine" easing="inout">VisibleChange</animation>
					<itemlayout height="420" width="594">
						<control type="image">
							<width>594</width>
							<height>418</height>
							<fadetime>400</fadetime>
							<aspectratio>scale</aspectratio>
							<texture background="true" fallback="DefaultPicture.png">$INFO[ListItem.Thumb]</texture>
						</control>
						<control type="image">
							<top>328</top>
							<width>594</width>
							<height>90</height>
							<texture>black.png</texture>
							<colordiffuse>88ffffff</colordiffuse>
						</control>
						<control type="textbox">
							<left>10</left>
							<top>330</top>
							<width>574</width>
							<height>75</height>
							<align>center</align>
							<font>font13</font>
							<shadowcolor>black</shadowcolor>
							<label>$INFO[ListItem.Label]</label>
						</control>
					</itemlayout>
					<focusedlayout height="420" width="594">
						<control type="group">
							<animation type="Focus" reversible="false">
								<effect type="zoom" start="95" end="100" time="300" tween="sine" easing="inout" center="auto" />
								<effect type="fade" start="80" end="100" time="300" tween="sine" easing="in" />
							</animation>
							<control type="image">
								<width>594</width>
								<height>418</height>
								<aspectratio>scale</aspectratio>
								<fadetime>400</fadetime>
								<texture background="true" fallback="DefaultPicture.png">$INFO[ListItem.Thumb]</texture>
								<bordertexture border="8">thumbs/thumbnail_focused.png</bordertexture>
								<bordersize>8</bordersize>
							</control>
							<control type="image">
								<left>5</left>
								<top>328</top>
								<width>582</width>
								<height>84</height>
								<texture>black.png</texture>
								<colordiffuse>88ffffff</colordiffuse>
							</control>
							<control type="textbox">
								<left>10</left>
								<top>330</top>
								<width>574</width>
								<height>75</height>
								<font>font13</font>
								<align>center</align>
								<shadowcolor>black</shadowcolor>
								<label>$INFO[ListItem.Label]</label>
								<autoscroll time="2000" delay="2000" repeat="2000">true</autoscroll>
							</control>
						</control>
					</focusedlayout>
				</control>
				<!-- Unavailable Fanart/Thumb -->
				<control type="label">
					<left>-37</left>
					<top>552</top>
					<width>1188</width>
					<height>418</height>
					<aligny>center</aligny>
					<align>center</align>
					<font>font30_title_bold</font>
					<textcolor>grey</textcolor>
					<label>161</label>
					<visible>ControlGroup(9000).HasFocus(36) + [[!IntegerGreaterThan(Container(750).NumItems,0) + StringCompare(Control.GetLabel(36),$LOCALIZE[31016])] | [!IntegerGreaterThan(Container(450).NumItems,0) + StringCompare(Control.GetLabel(36),$LOCALIZE[20445])]]</visible>                    
					<animation effect="fade" start="0" end="100" time="500" tween="sine" easing="inout">VisibleChange</animation>
				</control>
				<!-- Movies Crew - Items/Page -->
				<control type="label">
					<left>840</left>
					<top>1000</top>
					<width>300</width>
					<height>40</height>
					<font>font13_title</font>
					<textoffsetx>15</textoffsetx>
					<textcolor>grey2</textcolor>
					<align>right</align>
					<aligny>top</aligny>
					<label>$INFO[Container(150).NumItems,, $LOCALIZE[31025]]$INFO[Container(150).CurrentPage,[COLOR grey3] | ,]$INFO[Container(150).NumPages,/,[/COLOR]]</label>
					<visible>IntegerGreaterThan(Container(150).NumItems,0) + ControlGroup(9000).HasFocus(32)</visible>
					<animation effect="fade" start="0" end="100" time="500" tween="sine" easing="inout">VisibleChange</animation>
				</control>
				<!-- Movie Crew - Items/Page -->
				<control type="label">
					<left>840</left>
					<top>1000</top>
					<width>300</width>
					<height>40</height>
					<font>font13_title</font>
					<textoffsetx>15</textoffsetx>
					<textcolor>grey2</textcolor>
					<align>right</align>
					<aligny>top</aligny>
					<label>$INFO[Container(550).NumItems,, $LOCALIZE[31025]]$INFO[Container(550).CurrentPage,[COLOR grey3] | ,]$INFO[Container(550).NumPages,/,[/COLOR]]</label>
					<visible>IntegerGreaterThan(Container(550).NumItems,0) + ControlGroup(9000).HasFocus(40)</visible>
					<animation effect="fade" start="0" end="100" time="500" tween="sine" easing="inout">VisibleChange</animation>
				</control>
				<!-- TvShows - Items/Page -->
				<control type="label">
					<left>840</left>
					<top>1000</top>
					<width>300</width>
					<height>40</height>
					<font>font13_title</font>
					<textoffsetx>15</textoffsetx>
					<textcolor>grey2</textcolor>
					<align>right</align>
					<aligny>top</aligny>
					<label>$INFO[Container(250).NumItems,, $LOCALIZE[31025]]$INFO[Container(250).CurrentPage,[COLOR grey3] | ,]$INFO[Container(250).NumPages,/,[/COLOR]]</label>
					<visible>IntegerGreaterThan(Container(250).NumItems,0) + ControlGroup(9000).HasFocus(34)</visible>
					<animation effect="fade" start="0" end="100" time="500" tween="sine" easing="inout">VisibleChange</animation>
				</control>
				<!-- TvShow Crew - Items/Page -->
				<control type="label">
					<left>840</left>
					<top>1000</top>
					<width>300</width>
					<height>40</height>
					<font>font13_title</font>
					<textoffsetx>15</textoffsetx>
					<textcolor>grey2</textcolor>
					<align>right</align>
					<aligny>top</aligny>
					<label>$INFO[Container(650).NumItems,, $LOCALIZE[31025]]$INFO[Container(650).CurrentPage,[COLOR grey3] | ,]$INFO[Container(650).NumPages,/,[/COLOR]]</label>
					<visible>IntegerGreaterThan(Container(650).NumItems,0) + ControlGroup(9000).HasFocus(42)</visible>
					<animation effect="fade" start="0" end="100" time="500" tween="sine" easing="inout">VisibleChange</animation>
				</control>
				<!-- Fanart - Items/Page -->
				<control type="label">
					<left>840</left>
					<top>1000</top>
					<width>300</width>
					<height>40</height>
					<font>font13_title</font>
					<textoffsetx>15</textoffsetx>
					<textcolor>grey2</textcolor>
					<align>right</align>
					<aligny>top</aligny>
					<label>$INFO[Container(750).NumItems,, $LOCALIZE[31025]]$INFO[Container(750).CurrentPage,[COLOR grey3] | ,]$INFO[Container(750).NumPages,/,[/COLOR]]</label>
					<visible>IntegerGreaterThan(Container(750).NumItems,0) + ControlGroup(9000).HasFocus(36) + StringCompare(Control.GetLabel(36),$LOCALIZE[31016])</visible>
					<animation effect="fade" start="0" end="100" time="500" tween="sine" easing="inout">VisibleChange</animation>
				</control>
				<!-- Thumb - Items/Page -->
				<control type="label">
					<left>840</left>
					<top>1000</top>
					<width>300</width>
					<height>40</height>
					<font>font13_title</font>
					<textoffsetx>15</textoffsetx>
					<textcolor>grey2</textcolor>
					<align>right</align>
					<aligny>top</aligny>
					<label>$INFO[Container(450).NumItems,, $LOCALIZE[31025]]$INFO[Container(450).CurrentPage,[COLOR grey3] | ,]$INFO[Container(450).NumPages,/,[/COLOR]]</label>
					<visible>IntegerGreaterThan(Container(450).NumItems,0) + ControlGroup(9000).HasFocus(36) + StringCompare(Control.GetLabel(36),$LOCALIZE[20445])</visible>
					<animation effect="fade" start="0" end="100" time="500" tween="sine" easing="inout">VisibleChange</animation>
				</control>
				<!-- YouTube - Items/Page -->
				<control type="label">
					<left>840</left>
					<top>1000</top>
					<width>300</width>
					<height>40</height>
					<font>font13_title</font>
					<textoffsetx>15</textoffsetx>
					<textcolor>grey2</textcolor>
					<align>right</align>
					<aligny>top</aligny>
					<label>$INFO[Container(350).NumItems,, $LOCALIZE[31025]]$INFO[Container(350).CurrentPage,[COLOR grey3] | ,]$INFO[Container(350).NumPages,/,[/COLOR]]</label>
					<visible>IntegerGreaterThan(Container(350).NumItems,0) + ControlGroup(9000).HasFocus(38)</visible>
					<animation effect="fade" start="0" end="100" time="500" tween="sine" easing="inout">VisibleChange</animation>
				</control>
			</control>
			<control type="group">
				<left>3</left>
				<top>0</top>
				<control type="image">
					<top>450</top>
					<width>594</width>
					<height>60</height>
					<texture border="1">separator2.png</texture>
					<visible>!IntegerGreaterThan(Container(300).NumItems,4)</visible>
				</control>
				<control type="image">
					<left>594</left>
					<top>450</top>
					<width>594</width>
					<height>60</height>
					<texture border="1">separator2.png</texture>
					<visible>!IntegerGreaterThan(Container(300).NumItems,7)</visible>
				</control>
				<control type="grouplist" id="9000">
					<left>1</left>
					<top>510</top>
					<width>1188</width>
					<height>60</height>
					<itemgap>0</itemgap>
					<onleft>9000</onleft>
					<onright>9000</onright>
					<onup>300</onup>
					<align>left</align>
					<ondown condition="Control.IsVisible(800)">60</ondown>
					<ondown condition="Control.IsVisible(150)">150</ondown>
					<ondown condition="Control.IsVisible(250)">250</ondown>
					<ondown condition="Control.IsVisible(350)">350</ondown>
					<ondown condition="Control.IsVisible(450)">450</ondown>
					<ondown condition="Control.IsVisible(550)">550</ondown>
					<ondown condition="Control.IsVisible(650)">650</ondown>
					<ondown condition="Control.IsVisible(750)">750</ondown>
					<orientation>horizontal</orientation>
					<control type="togglebutton" id="30">
						<description>Biography</description>
						<height>60</height>
						<width>236</width>
						<textoffsetx>0</textoffsetx>
						<align>center</align>
						<aligny>center</aligny>
						<font>font15</font>
						<textcolor>grey</textcolor>
						<focusedcolor>white</focusedcolor>
						<label>21887</label>
					</control>
					<control type="image" id="31">
						<width>2</width>
						<height>58</height>
						<texture border="1">separator3.png</texture>
					</control>
					<control type="button" id="32">
						<description>Movies</description>
						<height>60</height>
						<width>236</width>
						<textoffsetx>0</textoffsetx>
						<align>center</align>
						<aligny>center</aligny>
						<font>font15</font>
						<textcolor>grey</textcolor>
						<focusedcolor>white</focusedcolor>
						<label>342</label>
						<enable>IntegerGreaterThan(Container(150).NumItems,0)</enable>
					</control>
					<control type="image" id="33">
						<width>2</width>
						<height>58</height>
						<texture border="1">separator3.png</texture>
					</control>
					<control type="button" id="34">
						<description>TvShows</description>
						<height>60</height>
						<width>236</width>
						<textoffsetx>0</textoffsetx>
						<align>center</align>
						<aligny>center</aligny>
						<font>font15</font>
						<textcolor>grey</textcolor>
						<focusedcolor>white</focusedcolor>
						<label>36903</label>
						<enable>IntegerGreaterThan(Container(250).NumItems,0)</enable>
					</control>
					<control type="image" id="35">
						<width>2</width>
						<height>58</height>
						<texture border="1">separator3.png</texture>
					</control>                    
					<control type="togglebutton" id="36">
						<description>Thumb/Fanart</description>
						<height>60</height>
						<width>236</width>
						<textoffsetx>0</textoffsetx>
						<align>center</align>
						<aligny>center</aligny>
						<font>font15</font>
						<textcolor>grey</textcolor>
						<focusedcolor>white</focusedcolor>
						<label>20445</label>
						<altlabel>31016</altlabel>
						<enable>IntegerGreaterThan(Container(450).NumItems,0) | IntegerGreaterThan(Container(750).NumItems,0)</enable>
					</control>                    
					<control type="image" id="37">
						<width>2</width>
						<height>58</height>
						<texture border="1">separator3.png</texture>
					</control>
					<control type="button" id="38">
						<description>YouTube</description>
						<height>60</height>
						<width>236</width>
						<textoffsetx>0</textoffsetx>
						<align>center</align>
						<aligny>center</aligny>
						<font>font15</font>
						<textcolor>grey</textcolor>
						<focusedcolor>white</focusedcolor>
						<label>YouTube</label>
						<enable>IntegerGreaterThan(Container(350).NumItems,0)</enable>
					</control>
					<control type="image" id="39">
						<width>2</width>
						<height>58</height>
						<texture border="1">separator3.png</texture>
					</control>
					<control type="button" id="40">
						<description>Movie Crew</description>
						<height>60</height>
						<width>236</width>
						<textoffsetx>0</textoffsetx>
						<align>center</align>
						<aligny>center</aligny>
						<font>font15</font>
						<textcolor>grey</textcolor>
						<focusedcolor>white</focusedcolor>
						<label>$LOCALIZE[20338] $ADDON[script.extendedinfo 32115]</label>
						<enable>IntegerGreaterThan(Container(550).NumItems,0)</enable>
					</control>
					<control type="image" id="41">
						<width>2</width>
						<height>58</height>
						<texture border="1">separator3.png</texture>
					</control>
					<control type="button" id="42">
						<description>Tv Show Crew</description>
						<height>60</height>
						<width>236</width>
						<textoffsetx>0</textoffsetx>
						<align>center</align>
						<aligny>center</aligny>
						<font>font15</font>
						<textcolor>grey</textcolor>
						<focusedcolor>white</focusedcolor>
						<label>$LOCALIZE[20364] $ADDON[script.extendedinfo 32115]</label>
						<enable>IntegerGreaterThan(Container(650).NumItems,0)</enable>
					</control>
				</control>
			</control>
		</control>
	</controls>
</window>