<?xml version="1.0" encoding="UTF-8" standalone="yes"?>
<addon id="plugin.video.GenieTv" name="[COLORgreen]GenieTv[/COLOR]" version="2.3.6" provider-name="JayBox + Origin">
  <requires>
  	<import addon="script.module.beautifulsoup" version="3.2.1"/>
	<import addon="script.module.beautifulsoup4" />
    <import addon="xbmc.python" version="2.1.0"/>
	<import addon="script.module.beautifulsoup4" />
	<import addon="script.module.urlresolver"  version="2.1.2"/>
    <import addon="script.module.requests"/>
	<import addon="script.module.addon.common" />
  </requires>
  <extension point="xbmc.python.pluginsource" library="default.py">
        <provides>video executable</provides>
  </extension>
  <extension point="xbmc.addon.metadata">
    <summary lang="en">GenieTv Kodi's largest support tool. [CR]  Brought to you by the Architects@Work</summary>
    <description lang="en">GenieTv The Ultimate Kodi Utility, This All In One Addon Has Been Created To Service All Kodi Needs And Hopefully In The Future, To Brings Devs And Streamers Alike A Platform And Home To host Their Content.</description>
	<disclaimer lang="en">The author neither hosts or stores any content, the author has no affiliation with content hosts</disclaimer>
    <platform>all</platform>
  </extension>
</addon>
