<?xml version="1.0" encoding="UTF-8"?>
<addon id="plugin.program.gtv.notifications" version="1.0" name="G-Tv Notifications" provider-name="GenieTv">
  <requires>
  	<import addon="xbmc.python" version="2.1.0"/>
  	<import addon="script.module.addon.common" optional="true" />
  </requires>
  <extension point="xbmc.python.script" library="default.py">
    <provides>executable</provides>
  </extension>
  <extension point="xbmc.service" library="service.py" start="startup">
  </extension>
  <extension point="xbmc.addon.metadata">
  	<summary>Credit to TVADDONS</summary>
  	<description>This is a modified version of TVADDONS Notifications.</description>
  	<disclaimer>We take no responsibility for any problems this plugin might in any way, form, shape or size cause.</disclaimer>
  	<language>en</language>
  	<platform>all</platform>
  	<forum></forum>
  	<website>http://GenieTv.co.uk/</website>
  	<source></source>
  	<email>GenieTvMedia@gmail.com</email>
  </extension>
</addon>
