<?xml version="1.0" encoding="UTF-8" standalone="yes"?>
<addon id="plugin.video.GenieXXX" name="Genie XXX" version="0.0.3" provider-name="The Boss">
  <requires>
  	<import addon="script.module.beautifulsoup" version="3.2.1"/>
	<import addon="script.module.beautifulsoup4" />
    <import addon="xbmc.python" version="2.19.0"/>
	<import addon="script.module.beautifulsoup4" />
	<import addon="script.module.urlresolver"  version="2.1.2"/>
    <import addon="script.module.requests"/>
	<import addon="script.module.addon.common" />
	<import addon="script.module.simplejson" version="3.3.0"/>
    <import addon="script.module.buggalo" version="1.1.2"/>
  </requires>
  <extension point="xbmc.python.pluginsource" library="default.py">
    <provides>video executable</provides>
  </extension>
  <extension point="xbmc.service" library="service.py" start="login" />
  <extension point="xbmc.addon.metadata">
    <summary lang="en">Genie XXX.</summary>
    <description lang="en">A Plugin for Genie XXX</description>
	<disclaimer lang="en">The author neither hosts or stores any content, the author has no affiliation with content hosts</disclaimer>
    <platform>all</platform>
  </extension>
</addon>
